[36m[uc1-acceptance][0m report PDF renderer: C:\Program Files\Google\Chrome\Application\chrome.exe
[36m[uc1-acceptance][0m environment is safe:
  variables   101 (allowlist only; nothing inherited but an OS baseline)
  integrations 16 disabled
  database    postgresql://proovra:uc1_disposable@127.0.0.1:56421/uc1_acceptance_test
  redis       redis://127.0.0.1:56422/0
  scanned     no non-local endpoint, forbidden host or credential shape
[36m[uc1-acceptance][0m starting disposable Postgres 16 (pgvector) + Redis + MinIO (object storage) …
[36m[uc1-acceptance][0m waiting for Postgres to accept connections …
(node:19044) [DEP0190] DeprecationWarning: Passing args to a child process with shell option true can lead to security vulnerabilities, as the arguments are not escaped, only concatenated.
(Use `node --trace-deprecation ...` to show where the warning was created)
[36m[uc1-acceptance][0m waiting for MinIO to become ready …
created bucket 'uc1-acceptance'
[36m[uc1-acceptance][0m migrate: node services/api/scripts/safe-migrate.mjs deploy

───────────────────────────────────────────────────────────────
  PROOVRA migration safety wrapper (Phase 2.5C)
───────────────────────────────────────────────────────────────
  subcommand   : prisma migrate deploy
  protocol     : postgresql:
  host         : 127.0.0.1
  port         : 56421
  database     : uc1_acceptance_test
  classification: LOCAL
  --allow-remote flag : no
  MIGRATE_ALLOW_REMOTE: (unset)
───────────────────────────────────────────────────────────────
Loaded Prisma config from prisma.config.ts.

Prisma schema loaded from prisma\schema.prisma.
Datasource "db": PostgreSQL database "uc1_acceptance_test", schema "public" at "127.0.0.1:56421"

306 migrations found in prisma/migrations

Applying migration `20260131235343_init`
Applying migration `20260201013040_align_schema`
Applying migration `20260201013225_custody_event_index`
Applying migration `20260201033040_fix_evidence_file_sha256_index`
Applying migration `20260201120000_phase9_hardening`
Applying migration `20260201120000_update_evidence_signingkey`
Applying migration `20260201124500_add_document_evidence_type`
Applying migration `20260201132000_add_evidence_locked_event`
Applying migration `20260201133000_fix_evidence_file_sha256_index_v2`
Applying migration `20260204190000_add_auth_billing`
Applying migration `20260205090000_phase2_invites_claim`
Applying migration `20260205093000_evidence_parts`
Applying migration `20260205100000_b2b_org_locking`
Applying migration `20260215095541_email_password_auth`
Applying migration `20260312170000_add_evidence_tsa_fields`
Applying migration `20260321000000_expand_user_country_field`
Applying migration `20260321110000_add_evidence_archive_field`
Applying migration `20260324120000_add_team_activity`
Applying migration `20260404180000_admin_audit_log`
Applying migration `20260404193000_add_analytics_tables`
Applying migration `20260404200000_admin_audit_is_public`
Applying migration `20260404213000_analytics_admin_audit_hardening`
Applying migration `20260407_add_legal_acceptance_and_cookie_consent`
Applying migration `20260417000000_create_verification_source_enum`
Applying migration `20260418_report_snapshot_fields`
Applying migration `20260430_add_tsa_input_digest_fields`
Applying migration `20260504150000_add_evidence_internal_notes`
Applying migration `20260504170000_add_capture_plan_and_part_metadata`
Applying migration `20260508133000_add_evidence_operations_workspace_features`
Applying migration `20260508153000_add_evidence_review_workflow_relationships_audit`
Applying migration `20260510120000_add_capture_sessions`
Applying migration `20260510160000_phase_a_b_forensic_hardening`
Applying migration `20260510200000_phase_c_hardening`
Applying migration `20260516120000_add_workflow_template_foundation`
Applying migration `20260516180000_add_workflow_intake_links_phase4`
Applying migration `20260516220000_add_evidence_requests_phase7`
Applying migration `20260517020000_add_notification_deliveries_phase8`
Applying migration `20260517060000_add_notification_template_context`
Applying migration `20260517100000_add_governance_phase9`
Applying migration `20260517140000_add_integrations_phase10`
Applying migration `20260518100000_add_integrations_phase10_5`
Applying migration `20260519100000_add_security_hardening_phase11`
Applying migration `20260520100000_add_reliability_phase12`
Applying migration `20260521100000_add_review_operations_phase13`
Applying migration `20260522100000_add_review_sla_defaults_phase13_5`
Applying migration `20260523100000_add_governance_platform_phase14`
Applying migration `20260524100000_add_intelligence_phase15`
Applying migration `20260525100000_add_collaboration_phase16`
Applying migration `20260526100000_add_identity_phase17`
Applying migration `20260527100000_add_communications_phase18`
Applying migration `20260528100000_add_identity_security_phase19`
Applying migration `20260529100000_add_operational_incidents_phase21`
Applying migration `20260530100000_add_workflow_engine_phase22`
Applying migration `20260531100000_add_search_discovery_phase24`
Applying migration `20260601100000_add_reviewer_operations_phase25`
Applying migration `20260602100000_phase25_5_reviewer_ops_hardening`
Applying migration `20260603100000_phase26_identity_governance`
Applying migration `20260604100000_phase26_5_identity_hardening`
Applying migration `20260605100000_phase26_75_identity_runtime`
Applying migration `20260606100000_phase27_retention_lifecycle`
Applying migration `20260606120000_phase12_perceptual_foundation`
Applying migration `20260613100000_phase27_5_governance_operationalization`
Applying migration `20260620100000_phase24_31_consolidated_drift_patches`
Applying migration `20260620200000_reviewer_ops_naming_drift_repair`
Applying migration `20260620300000_team_billing_naming_drift_repair`
Applying migration `20260625100000_phase328cpppp_dashboard_intelligence_closure`
Applying migration `20260626100000_phase328cppppp_structural_intelligence_closure`
Applying migration `20260627100000_phase328c_control_plane_closure`
Applying migration `20260628100000_phase328c_workflow_causality`
Applying migration `20260629100000_phase328c_enterprise_gap_closure`
Applying migration `20260630100000_phase328d_matter_workspace`
Applying migration `20260720100000_personal_workspace_bootstrap`
Applying migration `20260720200000_dashboard_projections`
Applying migration `20260721000000_workspace_persona_profile`
Applying migration `20260722000000_r8_1_mfa_activation`
Applying migration `20260722110000_enterprise_provisioning_idempotency`
Applying migration `20260724000000_r8_1_3_mfa_pending_challenges`
Applying migration `20260725000000_r8_1_4_mfa_recovery_requests`
Applying migration `20260726000000_r8_1_5_recovery_email_preflight`
Applying migration `20260727000000_r8_1_6_recovery_digest_logs`
Applying migration `20260728000000_r8_1_7_digest_preferences`
Applying migration `20260801000000_phase_e3_automation_foundation`
Applying migration `20260802000000_phase_e3_2_webhook_delivery`
Applying migration `20260803000000_phase_e3_3_async_delivery_runtime`
Applying migration `20260804000000_phase_e10_1_stripe_webhook_idempotency`
Applying migration `20260925000000_phase0_schema_catchup`
Applying migration `20260926000000_p2_7x_stage1_org_model_additive`
Applying migration `20260927000000_p2_7x_stage6_invite_token_hash`
Applying migration `20260928000000_p2_7x_stage6_teams_org_not_null`
Applying migration `20260929000000_phase_b2_workflow_review_decisions`
Applying migration `20260930000000_phase_a0_integrity_hard_gate`
Applying migration `20261001000000_phase_a1_evidence_org_tenancy`
Applying migration `20261002000000_phase_a2_pdf_artifact_status`
Applying migration `20261003000000_phase_g3_1_notification_preferences`
Applying migration `20261004000000_phase_m3_1_siu_durability`
Applying migration `20261005000000_phase_m3_2_siu_governance_export`
Applying migration `20261006000000_phase_o_final_production_column_repair`
Applying migration `20261007000000_phase_o_live_schema_compatibility_repair`
Applying migration `20261008000000_phase_o_workflow_join_table_final_repair`
Applying migration `20261009000000_drop_reviewer_queue_projection`
Applying migration `20261015000000_phase_2b_closure_invitation_delivery_sso`
Applying migration `20261101000000_phase_3a_redaction_platform`
Applying migration `20261201000000_phase_3a_elite_closure_policy_video`
Applying migration `20261215000000_phase_3b_intelligence_platform`
Applying migration `20261216000000_phase_3b_enterprise_closure`
Applying migration `20261220000000_phase_4a_trust_and_governance`
Applying migration `20261225000000_phase_4a_enterprise_closure`
Applying migration `20261230000000_phase_4b_packaging_and_lifecycle`
Applying migration `20261231000000_phase_4b_final_closure`
Applying migration `20270101000000_phase_r3_model_catchup`
Applying migration `20270102000000_phase_r7_schema_catchup`
Applying migration `20270103000000_phase_r7_trust_schema_fix`
Applying migration `20270104000000_phase_r7_redaction_schema_fix`
Applying migration `20270105000000_phase_r7_reviewer_workspace_schema_fix`
Applying migration `20270106000000_phase_r7_governance_schema_fix`
Applying migration `20270107000000_phase_r7_capture_trust_schema_fix`
Applying migration `20270108000000_phase_r7_intelligence_schema_fix`
Applying migration `20270109000000_phase_r7_redaction_policy_unique`
Applying migration `20270201000000_phase_5_collaboration_teams`
Applying migration `20270301000000_phase_7_collaboration_completion`
Applying migration `20270401000000_phase_10_paypal_webhook_idempotency`
Applying migration `20270501000000_phase_10_paypal_webhook_payload_hash`
Applying migration `20270601000000_phase13_intelligence_chain`
Applying migration `20270701000000_phase15_semantic_search`
Applying migration `20270801000000_phase16_semantic_usage`
Applying migration `20270802000000_phase_sentry_batch_schema_drift_repair`
Applying migration `20270803000000_phase_governance_additive_repair`
Applying migration `20270804000000_phase1_production_drift_stabilization`
Applying migration `20270805000000_phase2_drift_repair_trust_status`
Applying migration `20270806000000_phase2_drift_repair_governance`
Applying migration `20270807000000_phase2_drift_repair_redaction`
Applying migration `20270808000000_phase2_drift_repair_lifecycle_webhooks`
Applying migration `20270809000000_phase_2_1_final_drift_closure`
Applying migration `20270810000000_wave1_graph_taxonomy_renames`
Applying migration `20270811000000_wave2_duplicate_decisions`
Applying migration `20270812000000_wave3_custody_event_type_widening`
Applying migration `20270813000000_phase2_api_key_dual_active_rotation`
Applying migration `20270814000000_phase4_webhook_dual_signing_rotation`
Applying migration `20270815000000_phase_closure_webhook_delivery_duration`
Applying migration `20270816000000_phase_t_template_identity_columns`
Applying migration `20270817000000_phase_t_coding_schema_uuid_default_repair`
Applying migration `20270818000000_phase_t_coding_values_updated_at_default`
Applying migration `20270818010000_phase_t_coding_values_id_default`
Applying migration `20270818020000_phase_t_reviewer_disagreements_defaults`
Applying migration `20270818030000_phase_t_trust_center_drift_repair`
Applying migration `20270819000000_phase_t_trust_center_versions_published_at_repair`
Applying migration `20270819010000_phase_t_subprocessor_versions_runtime_repair`
Applying migration `20270820000000_add_inbox_item_state`
Applying migration `20270821000000_phase_search_evidence_search_documents_legacy_drop_not_null`
Applying migration `20270822000000_intake_link_sender_identity`
Applying migration `20270823000000_communication_message_idem_key_split`
Applying migration `20270824000000_intake_link_archive`
Applying migration `20270825000000_intake_link_location_collection`
Applying migration `20270826000000_pricing_hardening_enterprise_plan_record_caps`
Applying migration `20270827000000_contact_sales_lead_capture`
Applying migration `20270828000000_email_verification_tokens`
Applying migration `20270829000000_evr_p4_canonical_verification_record`
Applying migration `20270829000000_phase_2a_live_missing_columns_catchup`
Applying migration `20270830000000_evr_p10_tsa_retry_tracking`
Applying migration `20270901000000_verification_package_validation_findings`
Applying migration `20270902000000_verification_package_hash`
Applying migration `20270903000000_verification_package_validation_status`
Applying migration `20270904000000_report_claims_package_verified`
Applying migration `20270905000000_contributor_identity_snapshot`
Applying migration `20270906000000_phase_2b_1_timestamp_repairs`
Applying migration `20270906010000_phase_2b_2_integer_widening`
Applying migration `20270906020000_phase_2b_3_string_type_alignment`
Applying migration `20270906030000_phase_2b_4_nullability_hardening`
Applying migration `20270906040000_phase_2b_5_enum_alignment`
Applying migration `20270906050000_phase_2b_6_uuid_and_identifier_alignment`
Applying migration `20270906060000_phase_2b_7_json_semantic_repairs`
Applying migration `20270906070000_phase_2c_d_provider_confidence_nullable_relaxation`
Applying migration `20270907000000_technical_metadata_capture_environment`
Applying migration `20270908000000_drop_evidence_anchor_publication_columns`
Applying migration `20270909000000_org_pending_enterprise_seats`
Applying migration `20270910000000_phase_3_enterprise_identity_domains_and_sp_signing`
Applying migration `20270911000000_workspace_ai_policy`
Applying migration `20270912000000_ai_copilot_runs`
Applying migration `20270913000000_ai_usage_ledger`
Applying migration `20270914000000_reviewer_criteria_catalog`
Applying migration `20270915000000_mi_provider_local_value_rename`
Applying migration `20270916000000_operations_center_history_and_schedule`
Applying migration `20270917000000_org_notification_policy_and_resolution_provenance`
Applying migration `20270918000000_user_identity_links`
Applying migration `20270919000000_account_data_export_requests`
Applying migration `20270920000000_account_closure_requests`
Applying migration `20270920000000_workspace_kind_discriminator`
Applying migration `20270920100000_org_invite_workspace_assignments`
Applying migration `20270920200000_membership_grant_provenance`
Applying migration `20270920250000_membership_grant_legacy_backfill`
Applying migration `20270920300000_enterprise_contract_state`
Applying migration `20270921000000_organization_closure_requests`
Applying migration `20270922000000_workspace_closure_requests`
Applying migration `20270923000000_notification_schedule_timezone_inherit`
Applying migration `20270923500000_persona_profiles_removal_precondition`
Applying migration `20270924000000_drop_workspace_persona_profiles`
Applying migration `20270925000000_user_identity_mode`
Applying migration `20271001000000_org_security_policy_phase10`
Applying migration `20271002000000_managed_identity_ownership`
Applying migration `20271003000000_managed_identity_ownership_backfill`
Applying migration `20271004000000_authenticated_session_org_context`
Applying migration `20271005000000_org_security_policy_org_scoped`
Applying migration `20271006000000_org_security_policy_lifecycle`
Applying migration `20271101000000_audit_tenant_columns`
Applying migration `20271102000000_uuid_id_default_repair`
Applying migration `20271103000000_case_evidence_link_canonical`
Applying migration `20271104000000_case_evidence_link_integrity`
Applying migration `20271105000000_evidence_case_id_removal`
Applying migration `20271106000000_legal_hold_canonical`
Applying migration `20271107000000_legal_hold_backfill`
Applying migration `20271108000000_legal_hold_legacy_removal`
Applying migration `20271109000000_workspace_governance_policy_version`
Applying migration `20271110000000_exchange_download_authorization_semantics`
Applying migration `20271111000000_step_up_session_organization_binding`
Applying migration `20271112000000_point4_write_unblock_repair`
Applying migration `20271113000000_point5_report_generation_authority`
Applying migration `20271114000000_point5_media_intelligence_kind_catalog`
Applying migration `20271115000000_point5_atomic_sweep_claims`
Applying migration `20271117000000_point4_schema_authority_contract`
Applying migration `20271118000000_legal_hold_strict_scope_target`
Applying migration `20271119000000_search_document_embedding_after_extension`
Applying migration `20271120000000_external_review_invitation_authority_expand`
Applying migration `20271121000000_external_review_invitation_authority_backfill`
Applying migration `20271122000000_external_review_invitation_authority_contract`
Applying migration `20271123000000_workspace_kind_authority_expand`
Applying migration `20271124000000_workspace_kind_authority_backfill`
Applying migration `20271125000000_workspace_kind_authority_contract`
Applying migration `20271126000000_org_membership_lifecycle_expand`
Applying migration `20271127000000_org_membership_lifecycle_backfill`
Applying migration `20271128000000_org_membership_lifecycle_contract`
Applying migration `20271129000000_automation_runtime_durability_expand`
Applying migration `20271130000000_automation_runtime_durability_backfill`
Applying migration `20271131000000_automation_runtime_durability_contract`
Applying migration `20271201000000_new058_verified_contact_factors`
Applying migration `20271215000000_search_index_reconciliation_kind`
Applying migration `20271216000000_evidence_integrity_incident_category`
Applying migration `20271217000000_evidence_integrity_correlation`
Applying migration `20271218000000_bulk_assign_incidents`
Applying migration `20271219000000_incident_sla_history`
Applying migration `20271220000000_evidence_lifecycle_trashed_state`
Applying migration `20271220000001_evidence_lifecycle_state_backfill`
Applying migration `20271222000000_workspace_operations_reconciliation_kind`
Applying migration `20271223000000_operational_incident_scope`
Applying migration `20271224000000_operational_incident_naming_convergence`
Applying migration `20271225000000_operational_incident_metric_snapshot`
Applying migration `20271226000000_operational_incident_source_identity`
Applying migration `20271227000000_billing_commercial_correctness`
Applying migration `20271228000000_billing_provider_state_ordering`
Applying migration `20271229000000_billing_dependent_cancellation_obligation`
Applying migration `20271230000000_workspace_lifecycle_authority`
Applying migration `20271231000000_billing_scheduled_plan_change`
Applying migration `20280101000000_billing_payment_terminal_states`
Applying migration `20280102000000_billing_payment_abandoned`
Applying migration `20280104000000_operational_incident_platform_uniqueness`
Applying migration `20280110000000_signer_control_state`
Applying migration `20280115000000_worker_lease_and_heartbeat_retention`
Applying migration `20280120000000_break_glass_single_active_grant`
Applying migration `20280125000000_intake_customer_id`
Applying migration `20280210000000_intake_identity_search`
Applying migration `20280215000000_admin_audit_identity_contract`
Applying migration `20280301000000_evidence_credit_admin_grant`
Applying migration `20280401000000_search_projection_version`
Applying migration `20280501000000_workspace_invite_lifecycle_hardening`
Applying migration `20280502000000_workspace_invite_raw_token_drop`
Applying migration `20280503000000_collaboration_scale_indexes`
Applying migration `20280510000000_enterprise_contract_collaboration_limits`
Applying migration `20280511000000_collaboration_activity_keyset_index`
Applying migration `20280512000000_enterprise_contract_legal_hold`
Applying migration `20280601000000_uc0_acquisition_provenance_foundation`
Applying migration `20280602000000_derived_asset_variant_contract`
Applying migration `20280610000000_uc1_direct_web_capture_acquisition_mode`
Applying migration `20280620000000_uc1_extension_oauth_codes`
Applying migration `20280630000000_uc2_screen_capture_acquisition_mode`
Applying migration `20280640000000_uc3_continuous_screen_capture_acquisition_mode`
Applying migration `20280650000000_uc4_screen_intelligence`
Applying migration `20280660000000_uc5_ios_screen_capture_acquisition_mode`
Applying migration `20280670000000_bd2_durable_batch_analysis_jobs`
Applying migration `20280680000000_artifact_recovery_progress`
Applying migration `20280690000000_billing_storage_attempt_abandoned`
Applying migration `20280700000000_billing_checkout_attempts`
Applying migration `20280710000000_billing_stripe_attempts_billed_currency`
Applying migration `20280720000000_billing_paypal_integrity`
Applying migration `20280730000000_evidence_output_lifecycle`
Applying migration `20280731000000_evidence_ots_anchor_check`
Applying migration `20280801000000_evidence_original_version_id`
Applying migration `20280802000000_evidence_tsa_validation`
Applying migration `20280803000000_verification_package_seal_identity`
Applying migration `20280804000000_custody_chain_transfer_event`
Applying migration `20280805000000_custody_append_only`
Applying migration `20280806000000_custody_unlock_and_retention_extension`
Applying migration `20280807000000_custody_redaction_and_review`
Applying migration `20280808000000_custody_retention_policy_applied`
Applying migration `20280809000000_worker_sweep_cursors`
Applying migration `20280810000000_upload_part_state_hashed`
Applying migration `20280811000000_verification_views_anonymize`
Applying migration `20280812000000_evidence_completion_fanout_marker`
Applying migration `20280812000001_evidence_completion_fanout_backfill`
Applying migration `20280813000000_capture_trust_event_chain_unique`
Applying migration `20280814000000_evidence_output_earned_fact`
Applying migration `20280815000000_integrity_recheck_reconciliation_kinds`
Applying migration `20280815000001_evidence_integrity_checks`
Applying migration `20280816000000_verification_share_tokens`
Applying migration `20280816000001_verification_share_legacy_grace`
Applying migration `20280816000002_evidence_unpublished_by_default`
Applying migration `20280817000000_governance_policy_audit_nullable_policy`
Applying migration `email_password_auth`

The following migration(s) have been applied:

migrations/
  └─ 20260131235343_init/
    └─ migration.sql
  └─ 20260201013040_align_schema/
    └─ migration.sql
  └─ 20260201013225_custody_event_index/
    └─ migration.sql
  └─ 20260201033040_fix_evidence_file_sha256_index/
    └─ migration.sql
  └─ 20260201120000_phase9_hardening/
    └─ migration.sql
  └─ 20260201120000_update_evidence_signingkey/
    └─ migration.sql
  └─ 20260201124500_add_document_evidence_type/
    └─ migration.sql
  └─ 20260201132000_add_evidence_locked_event/
    └─ migration.sql
  └─ 20260201133000_fix_evidence_file_sha256_index_v2/
    └─ migration.sql
  └─ 20260204190000_add_auth_billing/
    └─ migration.sql
  └─ 20260205090000_phase2_invites_claim/
    └─ migration.sql
  └─ 20260205093000_evidence_parts/
    └─ migration.sql
  └─ 20260205100000_b2b_org_locking/
    └─ migration.sql
  └─ 20260215095541_email_password_auth/
    └─ migration.sql
  └─ 20260312170000_add_evidence_tsa_fields/
    └─ migration.sql
  └─ 20260321000000_expand_user_country_field/
    └─ migration.sql
  └─ 20260321110000_add_evidence_archive_field/
    └─ migration.sql
  └─ 20260324120000_add_team_activity/
    └─ migration.sql
  └─ 20260404180000_admin_audit_log/
    └─ migration.sql
  └─ 20260404193000_add_analytics_tables/
    └─ migration.sql
  └─ 20260404200000_admin_audit_is_public/
    └─ migration.sql
  └─ 20260404213000_analytics_admin_audit_hardening/
    └─ migration.sql
  └─ 20260407_add_legal_acceptance_and_cookie_consent/
    └─ migration.sql
  └─ 20260417000000_create_verification_source_enum/
    └─ migration.sql
  └─ 20260418_report_snapshot_fields/
    └─ migration.sql
  └─ 20260430_add_tsa_input_digest_fields/
    └─ migration.sql
  └─ 20260504150000_add_evidence_internal_notes/
    └─ migration.sql
  └─ 20260504170000_add_capture_plan_and_part_metadata/
    └─ migration.sql
  └─ 20260508133000_add_evidence_operations_workspace_features/
    └─ migration.sql
  └─ 20260508153000_add_evidence_review_workflow_relationships_audit/
    └─ migration.sql
  └─ 20260510120000_add_capture_sessions/
    └─ migration.sql
  └─ 20260510160000_phase_a_b_forensic_hardening/
    └─ migration.sql
  └─ 20260510200000_phase_c_hardening/
    └─ migration.sql
  └─ 20260516120000_add_workflow_template_foundation/
    └─ migration.sql
  └─ 20260516180000_add_workflow_intake_links_phase4/
    └─ migration.sql
  └─ 20260516220000_add_evidence_requests_phase7/
    └─ migration.sql
  └─ 20260517020000_add_notification_deliveries_phase8/
    └─ migration.sql
  └─ 20260517060000_add_notification_template_context/
    └─ migration.sql
  └─ 20260517100000_add_governance_phase9/
    └─ migration.sql
  └─ 20260517140000_add_integrations_phase10/
    └─ migration.sql
  └─ 20260518100000_add_integrations_phase10_5/
    └─ migration.sql
  └─ 20260519100000_add_security_hardening_phase11/
    └─ migration.sql
  └─ 20260520100000_add_reliability_phase12/
    └─ migration.sql
  └─ 20260521100000_add_review_operations_phase13/
    └─ migration.sql
  └─ 20260522100000_add_review_sla_defaults_phase13_5/
    └─ migration.sql
  └─ 20260523100000_add_governance_platform_phase14/
    └─ migration.sql
  └─ 20260524100000_add_intelligence_phase15/
    └─ migration.sql
  └─ 20260525100000_add_collaboration_phase16/
    └─ migration.sql
  └─ 20260526100000_add_identity_phase17/
    └─ migration.sql
  └─ 20260527100000_add_communications_phase18/
    └─ migration.sql
  └─ 20260528100000_add_identity_security_phase19/
    └─ migration.sql
  └─ 20260529100000_add_operational_incidents_phase21/
    └─ migration.sql
  └─ 20260530100000_add_workflow_engine_phase22/
    └─ migration.sql
  └─ 20260531100000_add_search_discovery_phase24/
    └─ migration.sql
  └─ 20260601100000_add_reviewer_operations_phase25/
    └─ migration.sql
  └─ 20260602100000_phase25_5_reviewer_ops_hardening/
    └─ migration.sql
  └─ 20260603100000_phase26_identity_governance/
    └─ migration.sql
  └─ 20260604100000_phase26_5_identity_hardening/
    └─ migration.sql
  └─ 20260605100000_phase26_75_identity_runtime/
    └─ migration.sql
  └─ 20260606100000_phase27_retention_lifecycle/
    └─ migration.sql
  └─ 20260606120000_phase12_perceptual_foundation/
    └─ migration.sql
  └─ 20260613100000_phase27_5_governance_operationalization/
    └─ migration.sql
  └─ 20260620100000_phase24_31_consolidated_drift_patches/
    └─ migration.sql
  └─ 20260620200000_reviewer_ops_naming_drift_repair/
    └─ migration.sql
  └─ 20260620300000_team_billing_naming_drift_repair/
    └─ migration.sql
  └─ 20260625100000_phase328cpppp_dashboard_intelligence_closure/
    └─ migration.sql
  └─ 20260626100000_phase328cppppp_structural_intelligence_closure/
    └─ migration.sql
  └─ 20260627100000_phase328c_control_plane_closure/
    └─ migration.sql
  └─ 20260628100000_phase328c_workflow_causality/
    └─ migration.sql
  └─ 20260629100000_phase328c_enterprise_gap_closure/
    └─ migration.sql
  └─ 20260630100000_phase328d_matter_workspace/
    └─ migration.sql
  └─ 20260720100000_personal_workspace_bootstrap/
    └─ migration.sql
  └─ 20260720200000_dashboard_projections/
    └─ migration.sql
  └─ 20260721000000_workspace_persona_profile/
    └─ migration.sql
  └─ 20260722000000_r8_1_mfa_activation/
    └─ migration.sql
  └─ 20260722110000_enterprise_provisioning_idempotency/
    └─ migration.sql
  └─ 20260724000000_r8_1_3_mfa_pending_challenges/
    └─ migration.sql
  └─ 20260725000000_r8_1_4_mfa_recovery_requests/
    └─ migration.sql
  └─ 20260726000000_r8_1_5_recovery_email_preflight/
    └─ migration.sql
  └─ 20260727000000_r8_1_6_recovery_digest_logs/
    └─ migration.sql
  └─ 20260728000000_r8_1_7_digest_preferences/
    └─ migration.sql
  └─ 20260801000000_phase_e3_automation_foundation/
    └─ migration.sql
  └─ 20260802000000_phase_e3_2_webhook_delivery/
    └─ migration.sql
  └─ 20260803000000_phase_e3_3_async_delivery_runtime/
    └─ migration.sql
  └─ 20260804000000_phase_e10_1_stripe_webhook_idempotency/
    └─ migration.sql
  └─ 20260925000000_phase0_schema_catchup/
    └─ migration.sql
  └─ 20260926000000_p2_7x_stage1_org_model_additive/
    └─ migration.sql
  └─ 20260927000000_p2_7x_stage6_invite_token_hash/
    └─ migration.sql
  └─ 20260928000000_p2_7x_stage6_teams_org_not_null/
    └─ migration.sql
  └─ 20260929000000_phase_b2_workflow_review_decisions/
    └─ migration.sql
  └─ 20260930000000_phase_a0_integrity_hard_gate/
    └─ migration.sql
  └─ 20261001000000_phase_a1_evidence_org_tenancy/
    └─ migration.sql
  └─ 20261002000000_phase_a2_pdf_artifact_status/
    └─ migration.sql
  └─ 20261003000000_phase_g3_1_notification_preferences/
    └─ migration.sql
  └─ 20261004000000_phase_m3_1_siu_durability/
    └─ migration.sql
  └─ 20261005000000_phase_m3_2_siu_governance_export/
    └─ migration.sql
  └─ 20261006000000_phase_o_final_production_column_repair/
    └─ migration.sql
  └─ 20261007000000_phase_o_live_schema_compatibility_repair/
    └─ migration.sql
  └─ 20261008000000_phase_o_workflow_join_table_final_repair/
    └─ migration.sql
  └─ 20261009000000_drop_reviewer_queue_projection/
    └─ migration.sql
  └─ 20261015000000_phase_2b_closure_invitation_delivery_sso/
    └─ migration.sql
  └─ 20261101000000_phase_3a_redaction_platform/
    └─ migration.sql
  └─ 20261201000000_phase_3a_elite_closure_policy_video/
    └─ migration.sql
  └─ 20261215000000_phase_3b_intelligence_platform/
    └─ migration.sql
  └─ 20261216000000_phase_3b_enterprise_closure/
    └─ migration.sql
  └─ 20261220000000_phase_4a_trust_and_governance/
    └─ migration.sql
  └─ 20261225000000_phase_4a_enterprise_closure/
    └─ migration.sql
  └─ 20261230000000_phase_4b_packaging_and_lifecycle/
    └─ migration.sql
  └─ 20261231000000_phase_4b_final_closure/
    └─ migration.sql
  └─ 20270101000000_phase_r3_model_catchup/
    └─ migration.sql
  └─ 20270102000000_phase_r7_schema_catchup/
    └─ migration.sql
  └─ 20270103000000_phase_r7_trust_schema_fix/
    └─ migration.sql
  └─ 20270104000000_phase_r7_redaction_schema_fix/
    └─ migration.sql
  └─ 20270105000000_phase_r7_reviewer_workspace_schema_fix/
    └─ migration.sql
  └─ 20270106000000_phase_r7_governance_schema_fix/
    └─ migration.sql
  └─ 20270107000000_phase_r7_capture_trust_schema_fix/
    └─ migration.sql
  └─ 20270108000000_phase_r7_intelligence_schema_fix/
    └─ migration.sql
  └─ 20270109000000_phase_r7_redaction_policy_unique/
    └─ migration.sql
  └─ 20270201000000_phase_5_collaboration_teams/
    └─ migration.sql
  └─ 20270301000000_phase_7_collaboration_completion/
    └─ migration.sql
  └─ 20270401000000_phase_10_paypal_webhook_idempotency/
    └─ migration.sql
  └─ 20270501000000_phase_10_paypal_webhook_payload_hash/
    └─ migration.sql
  └─ 20270601000000_phase13_intelligence_chain/
    └─ migration.sql
  └─ 20270701000000_phase15_semantic_search/
    └─ migration.sql
  └─ 20270801000000_phase16_semantic_usage/
    └─ migration.sql
  └─ 20270802000000_phase_sentry_batch_schema_drift_repair/
    └─ migration.sql
  └─ 20270803000000_phase_governance_additive_repair/
    └─ migration.sql
  └─ 20270804000000_phase1_production_drift_stabilization/
    └─ migration.sql
  └─ 20270805000000_phase2_drift_repair_trust_status/
    └─ migration.sql
  └─ 20270806000000_phase2_drift_repair_governance/
    └─ migration.sql
  └─ 20270807000000_phase2_drift_repair_redaction/
    └─ migration.sql
  └─ 20270808000000_phase2_drift_repair_lifecycle_webhooks/
    └─ migration.sql
  └─ 20270809000000_phase_2_1_final_drift_closure/
    └─ migration.sql
  └─ 20270810000000_wave1_graph_taxonomy_renames/
    └─ migration.sql
  └─ 20270811000000_wave2_duplicate_decisions/
    └─ migration.sql
  └─ 20270812000000_wave3_custody_event_type_widening/
    └─ migration.sql
  └─ 20270813000000_phase2_api_key_dual_active_rotation/
    └─ migration.sql
  └─ 20270814000000_phase4_webhook_dual_signing_rotation/
    └─ migration.sql
  └─ 20270815000000_phase_closure_webhook_delivery_duration/
    └─ migration.sql
  └─ 20270816000000_phase_t_template_identity_columns/
    └─ migration.sql
  └─ 20270817000000_phase_t_coding_schema_uuid_default_repair/
    └─ migration.sql
  └─ 20270818000000_phase_t_coding_values_updated_at_default/
    └─ migration.sql
  └─ 20270818010000_phase_t_coding_values_id_default/
    └─ migration.sql
  └─ 20270818020000_phase_t_reviewer_disagreements_defaults/
    └─ migration.sql
  └─ 20270818030000_phase_t_trust_center_drift_repair/
    └─ migration.sql
  └─ 20270819000000_phase_t_trust_center_versions_published_at_repair/
    └─ migration.sql
  └─ 20270819010000_phase_t_subprocessor_versions_runtime_repair/
    └─ migration.sql
  └─ 20270820000000_add_inbox_item_state/
    └─ migration.sql
  └─ 20270821000000_phase_search_evidence_search_documents_legacy_drop_not_null/
    └─ migration.sql
  └─ 20270822000000_intake_link_sender_identity/
    └─ migration.sql
  └─ 20270823000000_communication_message_idem_key_split/
    └─ migration.sql
  └─ 20270824000000_intake_link_archive/
    └─ migration.sql
  └─ 20270825000000_intake_link_location_collection/
    └─ migration.sql
  └─ 20270826000000_pricing_hardening_enterprise_plan_record_caps/
    └─ migration.sql
  └─ 20270827000000_contact_sales_lead_capture/
    └─ migration.sql
  └─ 20270828000000_email_verification_tokens/
    └─ migration.sql
  └─ 20270829000000_evr_p4_canonical_verification_record/
    └─ migration.sql
  └─ 20270829000000_phase_2a_live_missing_columns_catchup/
    └─ migration.sql
  └─ 20270830000000_evr_p10_tsa_retry_tracking/
    └─ migration.sql
  └─ 20270901000000_verification_package_validation_findings/
    └─ migration.sql
  └─ 20270902000000_verification_package_hash/
    └─ migration.sql
  └─ 20270903000000_verification_package_validation_status/
    └─ migration.sql
  └─ 20270904000000_report_claims_package_verified/
    └─ migration.sql
  └─ 20270905000000_contributor_identity_snapshot/
    └─ migration.sql
  └─ 20270906000000_phase_2b_1_timestamp_repairs/
    └─ migration.sql
  └─ 20270906010000_phase_2b_2_integer_widening/
    └─ migration.sql
  └─ 20270906020000_phase_2b_3_string_type_alignment/
    └─ migration.sql
  └─ 20270906030000_phase_2b_4_nullability_hardening/
    └─ migration.sql
  └─ 20270906040000_phase_2b_5_enum_alignment/
    └─ migration.sql
  └─ 20270906050000_phase_2b_6_uuid_and_identifier_alignment/
    └─ migration.sql
  └─ 20270906060000_phase_2b_7_json_semantic_repairs/
    └─ migration.sql
  └─ 20270906070000_phase_2c_d_provider_confidence_nullable_relaxation/
    └─ migration.sql
  └─ 20270907000000_technical_metadata_capture_environment/
    └─ migration.sql
  └─ 20270908000000_drop_evidence_anchor_publication_columns/
    └─ migration.sql
  └─ 20270909000000_org_pending_enterprise_seats/
    └─ migration.sql
  └─ 20270910000000_phase_3_enterprise_identity_domains_and_sp_signing/
    └─ migration.sql
  └─ 20270911000000_workspace_ai_policy/
    └─ migration.sql
  └─ 20270912000000_ai_copilot_runs/
    └─ migration.sql
  └─ 20270913000000_ai_usage_ledger/
    └─ migration.sql
  └─ 20270914000000_reviewer_criteria_catalog/
    └─ migration.sql
  └─ 20270915000000_mi_provider_local_value_rename/
    └─ migration.sql
  └─ 20270916000000_operations_center_history_and_schedule/
    └─ migration.sql
  └─ 20270917000000_org_notification_policy_and_resolution_provenance/
    └─ migration.sql
  └─ 20270918000000_user_identity_links/
    └─ migration.sql
  └─ 20270919000000_account_data_export_requests/
    └─ migration.sql
  └─ 20270920000000_account_closure_requests/
    └─ migration.sql
  └─ 20270920000000_workspace_kind_discriminator/
    └─ migration.sql
  └─ 20270920100000_org_invite_workspace_assignments/
    └─ migration.sql
  └─ 20270920200000_membership_grant_provenance/
    └─ migration.sql
  └─ 20270920250000_membership_grant_legacy_backfill/
    └─ migration.sql
  └─ 20270920300000_enterprise_contract_state/
    └─ migration.sql
  └─ 20270921000000_organization_closure_requests/
    └─ migration.sql
  └─ 20270922000000_workspace_closure_requests/
    └─ migration.sql
  └─ 20270923000000_notification_schedule_timezone_inherit/
    └─ migration.sql
  └─ 20270923500000_persona_profiles_removal_precondition/
    └─ migration.sql
  └─ 20270924000000_drop_workspace_persona_profiles/
    └─ migration.sql
  └─ 20270925000000_user_identity_mode/
    └─ migration.sql
  └─ 20271001000000_org_security_policy_phase10/
    └─ migration.sql
  └─ 20271002000000_managed_identity_ownership/
    └─ migration.sql
  └─ 20271003000000_managed_identity_ownership_backfill/
    └─ migration.sql
  └─ 20271004000000_authenticated_session_org_context/
    └─ migration.sql
  └─ 20271005000000_org_security_policy_org_scoped/
    └─ migration.sql
  └─ 20271006000000_org_security_policy_lifecycle/
    └─ migration.sql
  └─ 20271101000000_audit_tenant_columns/
    └─ migration.sql
  └─ 20271102000000_uuid_id_default_repair/
    └─ migration.sql
  └─ 20271103000000_case_evidence_link_canonical/
    └─ migration.sql
  └─ 20271104000000_case_evidence_link_integrity/
    └─ migration.sql
  └─ 20271105000000_evidence_case_id_removal/
    └─ migration.sql
  └─ 20271106000000_legal_hold_canonical/
    └─ migration.sql
  └─ 20271107000000_legal_hold_backfill/
    └─ migration.sql
  └─ 20271108000000_legal_hold_legacy_removal/
    └─ migration.sql
  └─ 20271109000000_workspace_governance_policy_version/
    └─ migration.sql
  └─ 20271110000000_exchange_download_authorization_semantics/
    └─ migration.sql
  └─ 20271111000000_step_up_session_organization_binding/
    └─ migration.sql
  └─ 20271112000000_point4_write_unblock_repair/
    └─ migration.sql
  └─ 20271113000000_point5_report_generation_authority/
    └─ migration.sql
  └─ 20271114000000_point5_media_intelligence_kind_catalog/
    └─ migration.sql
  └─ 20271115000000_point5_atomic_sweep_claims/
    └─ migration.sql
  └─ 20271117000000_point4_schema_authority_contract/
    └─ migration.sql
  └─ 20271118000000_legal_hold_strict_scope_target/
    └─ migration.sql
  └─ 20271119000000_search_document_embedding_after_extension/
    └─ migration.sql
  └─ 20271120000000_external_review_invitation_authority_expand/
    └─ migration.sql
  └─ 20271121000000_external_review_invitation_authority_backfill/
    └─ migration.sql
  └─ 20271122000000_external_review_invitation_authority_contract/
    └─ migration.sql
  └─ 20271123000000_workspace_kind_authority_expand/
    └─ migration.sql
  └─ 20271124000000_workspace_kind_authority_backfill/
    └─ migration.sql
  └─ 20271125000000_workspace_kind_authority_contract/
    └─ migration.sql
  └─ 20271126000000_org_membership_lifecycle_expand/
    └─ migration.sql
  └─ 20271127000000_org_membership_lifecycle_backfill/
    └─ migration.sql
  └─ 20271128000000_org_membership_lifecycle_contract/
    └─ migration.sql
  └─ 20271129000000_automation_runtime_durability_expand/
    └─ migration.sql
  └─ 20271130000000_automation_runtime_durability_backfill/
    └─ migration.sql
  └─ 20271131000000_automation_runtime_durability_contract/
    └─ migration.sql
  └─ 20271201000000_new058_verified_contact_factors/
    └─ migration.sql
  └─ 20271215000000_search_index_reconciliation_kind/
    └─ migration.sql
  └─ 20271216000000_evidence_integrity_incident_category/
    └─ migration.sql
  └─ 20271217000000_evidence_integrity_correlation/
    └─ migration.sql
  └─ 20271218000000_bulk_assign_incidents/
    └─ migration.sql
  └─ 20271219000000_incident_sla_history/
    └─ migration.sql
  └─ 20271220000000_evidence_lifecycle_trashed_state/
    └─ migration.sql
  └─ 20271220000001_evidence_lifecycle_state_backfill/
    └─ migration.sql
  └─ 20271222000000_workspace_operations_reconciliation_kind/
    └─ migration.sql
  └─ 20271223000000_operational_incident_scope/
    └─ migration.sql
  └─ 20271224000000_operational_incident_naming_convergence/
    └─ migration.sql
  └─ 20271225000000_operational_incident_metric_snapshot/
    └─ migration.sql
  └─ 20271226000000_operational_incident_source_identity/
    └─ migration.sql
  └─ 20271227000000_billing_commercial_correctness/
    └─ migration.sql
  └─ 20271228000000_billing_provider_state_ordering/
    └─ migration.sql
  └─ 20271229000000_billing_dependent_cancellation_obligation/
    └─ migration.sql
  └─ 20271230000000_workspace_lifecycle_authority/
    └─ migration.sql
  └─ 20271231000000_billing_scheduled_plan_change/
    └─ migration.sql
  └─ 20280101000000_billing_payment_terminal_states/
    └─ migration.sql
  └─ 20280102000000_billing_payment_abandoned/
    └─ migration.sql
  └─ 20280104000000_operational_incident_platform_uniqueness/
    └─ migration.sql
  └─ 20280110000000_signer_control_state/
    └─ migration.sql
  └─ 20280115000000_worker_lease_and_heartbeat_retention/
    └─ migration.sql
  └─ 20280120000000_break_glass_single_active_grant/
    └─ migration.sql
  └─ 20280125000000_intake_customer_id/
    └─ migration.sql
  └─ 20280210000000_intake_identity_search/
    └─ migration.sql
  └─ 20280215000000_admin_audit_identity_contract/
    └─ migration.sql
  └─ 20280301000000_evidence_credit_admin_grant/
    └─ migration.sql
  └─ 20280401000000_search_projection_version/
    └─ migration.sql
  └─ 20280501000000_workspace_invite_lifecycle_hardening/
    └─ migration.sql
  └─ 20280502000000_workspace_invite_raw_token_drop/
    └─ migration.sql
  └─ 20280503000000_collaboration_scale_indexes/
    └─ migration.sql
  └─ 20280510000000_enterprise_contract_collaboration_limits/
    └─ migration.sql
  └─ 20280511000000_collaboration_activity_keyset_index/
    └─ migration.sql
  └─ 20280512000000_enterprise_contract_legal_hold/
    └─ migration.sql
  └─ 20280601000000_uc0_acquisition_provenance_foundation/
    └─ migration.sql
  └─ 20280602000000_derived_asset_variant_contract/
    └─ migration.sql
  └─ 20280610000000_uc1_direct_web_capture_acquisition_mode/
    └─ migration.sql
  └─ 20280620000000_uc1_extension_oauth_codes/
    └─ migration.sql
  └─ 20280630000000_uc2_screen_capture_acquisition_mode/
    └─ migration.sql
  └─ 20280640000000_uc3_continuous_screen_capture_acquisition_mode/
    └─ migration.sql
  └─ 20280650000000_uc4_screen_intelligence/
    └─ migration.sql
  └─ 20280660000000_uc5_ios_screen_capture_acquisition_mode/
    └─ migration.sql
  └─ 20280670000000_bd2_durable_batch_analysis_jobs/
    └─ migration.sql
  └─ 20280680000000_artifact_recovery_progress/
    └─ migration.sql
  └─ 20280690000000_billing_storage_attempt_abandoned/
    └─ migration.sql
  └─ 20280700000000_billing_checkout_attempts/
    └─ migration.sql
  └─ 20280710000000_billing_stripe_attempts_billed_currency/
    └─ migration.sql
  └─ 20280720000000_billing_paypal_integrity/
    └─ migration.sql
  └─ 20280730000000_evidence_output_lifecycle/
    └─ migration.sql
  └─ 20280731000000_evidence_ots_anchor_check/
    └─ migration.sql
  └─ 20280801000000_evidence_original_version_id/
    └─ migration.sql
  └─ 20280802000000_evidence_tsa_validation/
    └─ migration.sql
  └─ 20280803000000_verification_package_seal_identity/
    └─ migration.sql
  └─ 20280804000000_custody_chain_transfer_event/
    └─ migration.sql
  └─ 20280805000000_custody_append_only/
    └─ migration.sql
  └─ 20280806000000_custody_unlock_and_retention_extension/
    └─ migration.sql
  └─ 20280807000000_custody_redaction_and_review/
    └─ migration.sql
  └─ 20280808000000_custody_retention_policy_applied/
    └─ migration.sql
  └─ 20280809000000_worker_sweep_cursors/
    └─ migration.sql
  └─ 20280810000000_upload_part_state_hashed/
    └─ migration.sql
  └─ 20280811000000_verification_views_anonymize/
    └─ migration.sql
  └─ 20280812000000_evidence_completion_fanout_marker/
    └─ migration.sql
  └─ 20280812000001_evidence_completion_fanout_backfill/
    └─ migration.sql
  └─ 20280813000000_capture_trust_event_chain_unique/
    └─ migration.sql
  └─ 20280814000000_evidence_output_earned_fact/
    └─ migration.sql
  └─ 20280815000000_integrity_recheck_reconciliation_kinds/
    └─ migration.sql
  └─ 20280815000001_evidence_integrity_checks/
    └─ migration.sql
  └─ 20280816000000_verification_share_tokens/
    └─ migration.sql
  └─ 20280816000001_verification_share_legacy_grace/
    └─ migration.sql
  └─ 20280816000002_evidence_unpublished_by_default/
    └─ migration.sql
  └─ 20280817000000_governance_policy_audit_nullable_policy/
    └─ migration.sql
  └─ email_password_auth/
    └─ migration.sql

All migrations have been successfully applied.
[36m[uc1-acceptance][0m seed:signing-key: pnpm --filter proovra-api exec tsx src/seed-signing-key.ts
Evidence signing public key saved (local-pem (env:SIGNING_PUBLIC_KEY_PATH (resolved to D:\pv-uca\.local-fixture-keys\signing-public.pem))) {
  id: '83fd2ba6-a849-428f-8a2e-8963f4ec9442',
  keyId: 'fixture-local-only-signing-key',
  version: 1
}
Package signing public key saved (mirrors evidence key) {
  id: 'ed2543b7-44e3-4146-a99e-239f06d0476b',
  keyId: 'fixture-local-only-package-key',
  version: 1
}
[36m[uc1-acceptance][0m build:shared: pnpm run build:shared

> proovra@1.0.0 build:shared D:\pv-uca
> pnpm run prisma:generate && pnpm --filter @proovra/shared build && pnpm --filter @proovra/shared-evidence-presentation build && pnpm --filter @proovra/shared-billing build && pnpm --filter @proovra/shared-runtime build && pnpm --filter @proovra/ui build


> proovra@1.0.0 prisma:generate D:\pv-uca
> pnpm --filter proovra-api prisma:generate


> proovra-api@1.0.0 prisma:generate D:\pv-uca\services\api
> prisma generate

Loaded Prisma config from prisma.config.ts.

Prisma schema loaded from prisma\schema.prisma.

✔ Generated Prisma Client (v7.4.2) to .\..\..\node_modules\.pnpm\@prisma+client@7.4.2_prisma_6f217035126926a7c5f42222be767094\node_modules\@prisma\client in 2.25s

Start by importing your Prisma Client (See: https://pris.ly/d/importing-client)



> @proovra/shared@1.0.0 build D:\pv-uca\packages\shared
> tsc -p tsconfig.build.json


> @proovra/shared-evidence-presentation@1.0.0 build D:\pv-uca\packages\shared-evidence-presentation
> tsc -p tsconfig.build.json


> @proovra/shared-billing@1.0.0 build D:\pv-uca\packages\shared-billing
> pnpm exec tsc -p tsconfig.json


> @proovra/shared-runtime@1.0.0 prebuild D:\pv-uca\packages\shared-runtime
> pnpm run build:deps


> @proovra/shared-runtime@1.0.0 build:deps D:\pv-uca\packages\shared-runtime
> pnpm -w run prisma:generate && pnpm --filter @proovra/shared build


> proovra@1.0.0 prisma:generate D:\pv-uca
> pnpm --filter proovra-api prisma:generate


> proovra-api@1.0.0 prisma:generate D:\pv-uca\services\api
> prisma generate

Loaded Prisma config from prisma.config.ts.

Prisma schema loaded from prisma\schema.prisma.

✔ Generated Prisma Client (v7.4.2) to .\..\..\node_modules\.pnpm\@prisma+client@7.4.2_prisma_6f217035126926a7c5f42222be767094\node_modules\@prisma\client in 2.29s

Start by importing your Prisma Client (See: https://pris.ly/d/importing-client)



> @proovra/shared@1.0.0 build D:\pv-uca\packages\shared
> tsc -p tsconfig.build.json


> @proovra/shared-runtime@1.0.0 build D:\pv-uca\packages\shared-runtime
> pnpm exec tsc -p tsconfig.json


> @proovra/ui@1.0.0 build D:\pv-uca\packages\ui
> tsc -p tsconfig.build.json

[36m[uc1-acceptance][0m build:extension: pnpm --filter @proovra/extension build

> @proovra/extension@1.0.0 prebuild D:\pv-uca\apps\extension
> pnpm run build:deps


> @proovra/extension@1.0.0 build:deps D:\pv-uca\apps\extension
> pnpm --filter @proovra/shared build


> @proovra/shared@1.0.0 build D:\pv-uca\packages\shared
> tsc -p tsconfig.build.json


> @proovra/extension@1.0.0 build D:\pv-uca\apps\extension
> node build.mjs

extension built: 9 files in dist/
[36m[uc1-acceptance][0m seeding acceptance user + paid workspace …
[36m[uc1-acceptance][0m seeded team b87c1ffb-1b1a-409e-b3be-02608edd1579 (user 6f56f775-68c4-45f5-be61-2648fe936e1d).
[36m[uc1-acceptance][0m starting api: pnpm --filter proovra-api dev
[36m[uc1-acceptance][0m starting worker: pnpm --filter proovra-worker dev
[36m[uc1-acceptance][0m starting web: pnpm --filter proovra-web exec next dev -p 3311
[36m[uc1-acceptance][0m starting fixtures: node apps/extension/e2e/fixture-server.mjs
[36m[uc1-acceptance][0m waiting for API at http://localhost:4000/healthz …
[90m[fixtures][0m fixture server on http://127.0.0.1:4599
[90m[worker][0m 
> proovra-worker@1.0.0 dev D:\pv-uca\services\worker
> tsx watch src/index.ts

[90m[api][0m 
> proovra-api@1.0.0 dev D:\pv-uca\services\api
> tsx watch src/index.ts

[90m[web][0m    ▲ Next.js 15.5.12
[90m[web][0m    - Local:        http://localhost:3311
   - Network:      http://192.168.178.52:3311

[90m[web][0m  ✓ Starting...
[90m[web][0m  ✓ Ready in 1663ms
[90m[worker][0m {"level":"info","msg":"otel.bootstrap_started","serviceName":"proovra-worker","endpointConfigured":false,"protocol":"http/protobuf"}
[90m[worker][0m {"level":"info","msg":"otel.bootstrap_disabled","reason":"OTEL_ENABLED not true","defaultServiceName":"proovra-worker"}
[90m[worker][0m {"level":30,"time":1790802715517,"service":"worker","processor":"report","status":"registered","msg":"worker.processor_registered"}
[90m[worker][0m {"level":30,"time":1790802715518,"service":"worker","processor":"ots-upgrade","status":"registered","msg":"worker.processor_registered"}
{"level":30,"time":1790802715518,"service":"worker","processor":"evidence-purge","status":"registered","msg":"worker.processor_registered"}
{"level":30,"time":1790802715518,"service":"worker","processor":"search-indexing","status":"registered","msg":"worker.processor_registered"}
{"level":30,"time":1790802715518,"service":"worker","processor":"media-intelligence","status":"registered","msg":"worker.processor_registered"}
{"level":30,"time":1790802715518,"service":"worker","processor":"derived-assets","status":"registered","msg":"worker.processor_registered"}
{"level":30,"time":1790802715518,"service":"worker","processor":"redaction-derivative","status":"registered","msg":"worker.processor_registered"}
{"level":30,"time":1790802715518,"service":"worker","processor":"graph-reconcile","status":"registered","msg":"worker.processor_registered"}
{"level":30,"time":1790802715519,"service":"worker","processor":"mi-embed","status":"registered","msg":"worker.processor_registered"}
{"level":30,"time":1790802715519,"service":"worker","processor":"graph-search-projection","status":"registered","msg":"worker.processor_registered"}
{"level":30,"time":1790802715519,"service":"worker","mode":"disabled","msg":"aws_secrets.disabled"}
{"level":30,"time":1790802715519,"service":"worker","requestId":"d234a246-a5f8-4dca-bcaf-36f99f22f530","jobs":["GenerateReportJob","ots-upgrade","PurgeDeletedEvidenceJob"],"followUpEnabled":false,"followUpIntervalMs":3600000,"internalApiBase":"http://localhost:4000","msg":"worker.started"}
{"level":30,"time":1790802715523,"service":"worker","provider":"local-pem","signingKeyId":"fixture-local-only-package-key","signingKeyVersion":"1","msg":"worker.package_signer.validated"}
{"level":50,"time":1790802715619,"service":"worker","requestId":"16a61a5b-b059-407d-8300-1bb8bcc796b1","err":{"type":"Error","message":"listen EADDRINUSE: address already in use 0.0.0.0:4001","stack":"Error: listen EADDRINUSE: address already in use 0.0.0.0:4001\n    at Server.setupListenHandle [as _listen2] (node:net:1940:16)\n    at listenInCluster (node:net:1997:12)\n    at node:net:2206:7\n    at process.processTicksAndRejections (node:internal/process/task_queues:89:21)","code":"EADDRINUSE","errno":-4091,"syscall":"listen","address":"0.0.0.0","port":4001},"msg":"worker.health_start_failed"}
{"level":50,"time":1790802715619,"service":"worker","alert":true,"severity":"critical","requestId":"16a61a5b-b059-407d-8300-1bb8bcc796b1","reason":"worker_health_server_failed","err":{"type":"Error","message":"listen EADDRINUSE: address already in use 0.0.0.0:4001","stack":"Error: listen EADDRINUSE: address already in use 0.0.0.0:4001\n    at Server.setupListenHandle [as _listen2] (node:net:1940:16)\n    at listenInCluster (node:net:1997:12)\n    at node:net:2206:7\n    at process.processTicksAndRejections (node:internal/process/task_queues:89:21)","code":"EADDRINUSE","errno":-4091,"syscall":"listen","address":"0.0.0.0","port":4001},"msg":"operational.alert"}
{"level":30,"time":1790802715619,"service":"worker","requestId":"43ebdca9-56df-47f7-9156-d7895b4603e2","exitCode":1,"msg":"worker.shutdown_started"}
[90m[api][0m {"level":"info","msg":"otel.bootstrap_started","serviceName":"proovra-api","endpointConfigured":false,"protocol":"http/protobuf"}
[90m[api][0m {"level":"info","msg":"otel.bootstrap_disabled","reason":"OTEL_ENABLED not true","defaultServiceName":"proovra-api"}
[90m[api][0m {"level":"warn","event":"ai.provider.unavailable","reason":"PROVIDER_NOT_CONFIGURED","detail":"OPENAI_AI_ENABLED is not 'true' or no API key is available to this process."}
[90m[api][0m {"level":"warn","event":"ai.provider.unavailable","reason":"PROVIDER_NOT_CONFIGURED","detail":"OPENAI_AI_ENABLED is not 'true' or no API key is available to this process."}
[90m[api][0m {"level":30,"time":1790802716734,"service":"api","mode":"disabled","msg":"aws_secrets.disabled"}
[90m[api][0m {"level":30,"time":1790802716734,"service":"api","snapshot":{"nodeEnv":"development","isProduction":false,"database":{"configured":true,"reason":null},"authJwt":{"configured":true,"reason":null},"communications":{"configured":false,"reason":"COMMUNICATIONS_ENABLED_off","twilio":{"configured":false,"reason":"missing:TWILIO_ACCOUNT_SID,TWILIO_API_KEY,TWILIO_API_SECRET"},"verify":{"configured":false,"reason":"TWILIO_VERIFY_SERVICE_SID_missing"},"recipientHashSecret":{"configured":true,"reason":null}},"identitySecurity":{"configured":false,"reason":"IDENTITY_SECURITY_ENABLED_off","hashSecret":{"configured":true,"reason":null}},"notifications":{"configured":false,"reason":"NOTIFICATIONS_ENABLED_off","resend":{"configured":false,"reason":"RESEND_API_KEY_missing"},"idempotencySecret":{"configured":false,"reason":"EMAIL_IDEMPOTENCY_SECRET_missing"}},"ai":{"configured":false,"reason":"OPENAI_AI_ENABLED_off"},"integrations":{"configured":false,"reason":"INTEGRATIONS_ENABLED_off"},"cronSecrets":{"notification":{"configured":false,"reason":"NOTIFICATION_CRON_SECRET_missing"},"integration":{"configured":false,"reason":"INTEGRATION_CRON_SECRET_missing"}}},"msg":"phase20.startup.config_snapshot"}
{"level":30,"time":1790802716942,"service":"api","phase":"startup.object_lock","mode":"disabled","msg":"object_lock.disabled"}
[90m[api][0m {"level":30,"time":1790802717228,"service":"api","ranAtUtc":"2026-09-30T21:11:57.228Z","durationMs":285,"checked":109,"msg":"runtime.schema_validation.healthy"}
[90m[api][0m {"level":30,"time":1790802717231,"service":"api","intervalMs":900000,"startupDelayMs":58281,"msg":"operations_reconciler.scheduled"}
{"level":30,"time":1790802717234,"service":"api","intervalMs":60000,"startupDelayMs":39909,"msg":"billing_addon_retry.scheduled"}
{"level":30,"time":1790802717236,"service":"api","intervalMs":3600000,"startupDelayMs":123854,"msg":"billing_reconciler.scheduled"}
{"level":30,"time":1790802717255,"service":"api","msg":"Server listening at http://127.0.0.1:4000"}
{"level":30,"time":1790802717255,"service":"api","msg":"Server listening at http://192.168.178.52:4000"}
{"level":30,"time":1790802717255,"service":"api","msg":"Server listening at http://192.168.0.1:4000"}
{"level":30,"time":1790802717255,"service":"api","msg":"Server listening at http://172.28.224.1:4000"}
[36m[uc1-acceptance][0m waiting for API (DB ready) at http://localhost:4000/readyz …
[90m[api][0m {"level":30,"time":1790802718091,"service":"api","reqId":"3bfdd86a-9e31-4dc5-8966-241cb11d5538","requestId":"3bfdd86a-9e31-4dc5-8966-241cb11d5538","requestId":"3bfdd86a-9e31-4dc5-8966-241cb11d5538","statusCode":200,"method":"GET","url":"/healthz","durationMs":2,"msg":"request.completed"}
[36m[uc1-acceptance][0m waiting for fixture server at http://127.0.0.1:4599 …
[90m[api][0m {"level":30,"time":1790802718123,"service":"api","reqId":"769188d5-e242-4c59-8a0b-e0495a917d8e","requestId":"769188d5-e242-4c59-8a0b-e0495a917d8e","requestId":"769188d5-e242-4c59-8a0b-e0495a917d8e","statusCode":200,"method":"GET","url":"/readyz","durationMs":30,"msg":"request.completed"}
[36m[uc1-acceptance][0m running Playwright acceptance: chromium (grep: UCA_NO_MATCH)
Error: No tests found

[36m[uc1-acceptance][0m ──────────────── UC-1 ACCEPTANCE RESULT ────────────────
[36m[uc1-acceptance][0m   chromium   FAIL
[36m[uc1-acceptance][0m   UC-1 BROWSER ACCEPTANCE PENDING [FAIL]
[36m[uc1-acceptance][0m --keep-up: leaving processes running. Ctrl-C to stop.
[90m[api][0m {"level":30,"time":1790802740422,"service":"api","reqId":"8f106010-59a5-451e-b902-1024fa958c51","requestId":"8f106010-59a5-451e-b902-1024fa958c51","userId":"1367db46-71e9-4a61-956f-f4b8ac636882","requestId":"8f106010-59a5-451e-b902-1024fa958c51","statusCode":302,"method":"GET","url":"/v1/oauth/extension/authorize?response_type=code&client_id=proovra-extension&redirect_uri=https%3A%2F%2Faaaaaaaaaaaaaaaaaaaaaaaaaaaaaaaa.chromiumapp.org%2Foauth&code_challenge=K_CvMthji8nHNlv7h5OQ3IJRvtn7QCz8LWyORn8mxC0&code_challenge_method=S256&scope=capture.direct&state=uca","durationMs":61,"userId":"1367db46-71e9-4a61-956f-f4b8ac636882","msg":"request.completed"}
[90m[api][0m {"level":30,"time":1790802740442,"service":"api","reqId":"e56059ba-d103-42f0-9942-7d471b62e169","requestId":"e56059ba-d103-42f0-9942-7d471b62e169","requestId":"e56059ba-d103-42f0-9942-7d471b62e169","statusCode":200,"method":"POST","url":"/v1/oauth/extension/token","durationMs":13,"msg":"request.completed"}
[90m[api][0m {"level":30,"time":1790802741215,"service":"api","reqId":"5074b83d-261d-469e-bad5-8f43c30f54a1","requestId":"5074b83d-261d-469e-bad5-8f43c30f54a1","statusCode":204,"method":"OPTIONS","url":"/v1/platform/context","durationMs":null,"msg":"request.completed"}
[90m[api][0m {"level":30,"time":1790802741345,"service":"api","reqId":"71c4c4a1-c411-4663-b612-177f91274b18","requestId":"71c4c4a1-c411-4663-b612-177f91274b18","userId":"1367db46-71e9-4a61-956f-f4b8ac636882","requestId":"71c4c4a1-c411-4663-b612-177f91274b18","statusCode":200,"method":"GET","url":"/v1/platform/context","durationMs":129,"userId":"1367db46-71e9-4a61-956f-f4b8ac636882","msg":"request.completed"}
[90m[api][0m [api:info] billing.dependent_cancellation.sweep_completed {
  subjects: 0,
  attempted: 0,
  confirmed: 0,
  failed: 0,
  escalated: 0,
  conditionsOpened: 0
}
[90m[api][0m {"level":30,"time":1790802760671,"service":"api","reqId":"ceaa29ca-1e5d-4f2d-aca8-6076081642fa","requestId":"ceaa29ca-1e5d-4f2d-aca8-6076081642fa","userId":"1367db46-71e9-4a61-956f-f4b8ac636882","requestId":"ceaa29ca-1e5d-4f2d-aca8-6076081642fa","statusCode":201,"method":"POST","url":"/v1/workflow/intake-links","durationMs":92,"userId":"1367db46-71e9-4a61-956f-f4b8ac636882","msg":"request.completed"}
[90m[api][0m {"level":30,"time":1790802760693,"service":"api","reqId":"0cf32338-46c2-47ed-91b7-66ab3449c8ef","requestId":"0cf32338-46c2-47ed-91b7-66ab3449c8ef","requestId":"0cf32338-46c2-47ed-91b7-66ab3449c8ef","statusCode":200,"method":"GET","url":"/v1/external-intake/<intake-token-redacted>","durationMs":16,"msg":"request.completed"}
[90m[api][0m {"level":30,"time":1790802760706,"service":"api","reqId":"8d5fc8af-be33-4da9-a5fc-2c4ef8e7294e","requestId":"8d5fc8af-be33-4da9-a5fc-2c4ef8e7294e","requestId":"8d5fc8af-be33-4da9-a5fc-2c4ef8e7294e","statusCode":200,"method":"POST","url":"/v1/external-intake/<intake-token-redacted>/sessions/55c0afbf-3934-4d09-9315-c6bf46fb18be/consent","durationMs":12,"msg":"request.completed"}
[90m[api][0m {"level":30,"time":1790802760863,"service":"api","reqId":"4178180d-81c9-449e-8751-20c0b5cd2c2c","requestId":"4178180d-81c9-449e-8751-20c0b5cd2c2c","requestId":"4178180d-81c9-449e-8751-20c0b5cd2c2c","statusCode":201,"method":"POST","url":"/v1/external-intake/<intake-token-redacted>/sessions/55c0afbf-3934-4d09-9315-c6bf46fb18be/parts","durationMs":156,"msg":"request.completed"}
[90m[api][0m [api:warn] evidence_complete.graph_reconcile_not_queued {
  evidenceId: 'd0658d97-9f98-49a2-9a4b-62214201aa11',
  teamId: '04eade48-1ac3-4406-b7bb-fb2f0eaf2ff9',
  reason: 'job_already_live',
  jobId: 'graph-reconcile-04eade48-1ac3-4406-b7bb-fb2f0eaf2ff9'
}
[90m[api][0m {"level":30,"time":1790802761134,"service":"api","reqId":"df495db0-9581-4c87-b830-09a78ec1f83a","requestId":"df495db0-9581-4c87-b830-09a78ec1f83a","requestId":"df495db0-9581-4c87-b830-09a78ec1f83a","statusCode":200,"method":"POST","url":"/v1/external-intake/<intake-token-redacted>/sessions/55c0afbf-3934-4d09-9315-c6bf46fb18be/submit","durationMs":260,"msg":"request.completed"}
[90m[api][0m {"level":30,"time":1790802761472,"service":"api","reqId":"c7706f4a-696c-4ef5-9022-43b67d009d4e","requestId":"c7706f4a-696c-4ef5-9022-43b67d009d4e","userId":"1367db46-71e9-4a61-956f-f4b8ac636882","evidenceId":"d0658d97-9f98-49a2-9a4b-62214201aa11","requestId":"c7706f4a-696c-4ef5-9022-43b67d009d4e","statusCode":200,"method":"GET","url":"/v1/evidence/d0658d97-9f98-49a2-9a4b-62214201aa11/artifacts/status","durationMs":32,"userId":"1367db46-71e9-4a61-956f-f4b8ac636882","evidenceId":"d0658d97-9f98-49a2-9a4b-62214201aa11","msg":"request.completed"}
[90m[api][0m {"level":30,"time":1790802766511,"service":"api","reqId":"f60b157c-a51c-4d88-8e6e-898808239a54","requestId":"f60b157c-a51c-4d88-8e6e-898808239a54","userId":"1367db46-71e9-4a61-956f-f4b8ac636882","evidenceId":"d0658d97-9f98-49a2-9a4b-62214201aa11","requestId":"f60b157c-a51c-4d88-8e6e-898808239a54","statusCode":200,"method":"GET","url":"/v1/evidence/d0658d97-9f98-49a2-9a4b-62214201aa11/artifacts/status","durationMs":25,"userId":"1367db46-71e9-4a61-956f-f4b8ac636882","evidenceId":"d0658d97-9f98-49a2-9a4b-62214201aa11","msg":"request.completed"}
[90m[api][0m {"level":30,"time":1790802771547,"service":"api","reqId":"a219c04c-b05f-409e-ac6e-f2ca9545a0f3","requestId":"a219c04c-b05f-409e-ac6e-f2ca9545a0f3","userId":"1367db46-71e9-4a61-956f-f4b8ac636882","evidenceId":"d0658d97-9f98-49a2-9a4b-62214201aa11","requestId":"a219c04c-b05f-409e-ac6e-f2ca9545a0f3","statusCode":200,"method":"GET","url":"/v1/evidence/d0658d97-9f98-49a2-9a4b-62214201aa11/artifacts/status","durationMs":26,"userId":"1367db46-71e9-4a61-956f-f4b8ac636882","evidenceId":"d0658d97-9f98-49a2-9a4b-62214201aa11","msg":"request.completed"}
[90m[api][0m [api:info] operations.reconcile.derived_intelligence {
  workspaceId: 'b87c1ffb-1b1a-409e-b3be-02608edd1579',
  trigger: 'startup',
  correlations: 0,
  workflows: 0,
  causality: 0,
  healthSnapshot: true,
  reviewerCapacity: true,
  operationalGraph: true
}
[90m[api][0m [api:info] operations.reconcile.derived_intelligence {
  workspaceId: '04eade48-1ac3-4406-b7bb-fb2f0eaf2ff9',
  trigger: 'startup',
  correlations: 0,
  workflows: 0,
  causality: 0,
  healthSnapshot: true,
  reviewerCapacity: true,
  operationalGraph: true
}
[90m[api][0m [api:info] operations.reconcile.derived_intelligence {
  workspaceId: 'cd3c7d5e-b431-477b-8773-858219045981',
  trigger: 'startup',
  correlations: 0,
  workflows: 0,
  causality: 0,
  healthSnapshot: true,
  reviewerCapacity: true,
  operationalGraph: true
}
[90m[api][0m [api:info] operations.reconcile.derived_intelligence {
  workspaceId: '31fc47bf-87b2-4fce-96da-5c4987c8b5bd',
  trigger: 'startup',
  correlations: 0,
  workflows: 0,
  causality: 0,
  healthSnapshot: true,
  reviewerCapacity: true,
  operationalGraph: true
}
[90m[api][0m [api:info] operations.reconcile.derived_intelligence {
  workspaceId: 'd7afb516-6abe-4088-bc42-010243d0c59e',
  trigger: 'startup',
  correlations: 0,
  workflows: 0,
  causality: 0,
  healthSnapshot: true,
  reviewerCapacity: true,
  operationalGraph: true
}
[90m[api][0m {"level":30,"time":1790802776575,"service":"api","reqId":"882cca7b-1308-41e2-86a9-e22a1decb9d6","requestId":"882cca7b-1308-41e2-86a9-e22a1decb9d6","userId":"1367db46-71e9-4a61-956f-f4b8ac636882","evidenceId":"d0658d97-9f98-49a2-9a4b-62214201aa11","requestId":"882cca7b-1308-41e2-86a9-e22a1decb9d6","statusCode":200,"method":"GET","url":"/v1/evidence/d0658d97-9f98-49a2-9a4b-62214201aa11/artifacts/status","durationMs":24,"userId":"1367db46-71e9-4a61-956f-f4b8ac636882","evidenceId":"d0658d97-9f98-49a2-9a4b-62214201aa11","msg":"request.completed"}
[90m[api][0m [api:info] billing.dependent_cancellation.sweep_completed {
  subjects: 0,
  attempted: 0,
  confirmed: 0,
  failed: 0,
  escalated: 0,
  conditionsOpened: 0
}
[90m[api][0m {"level":30,"time":1790802781599,"service":"api","reqId":"0775231a-b4e1-4fdb-a2b1-014bfb52cc4c","requestId":"0775231a-b4e1-4fdb-a2b1-014bfb52cc4c","userId":"1367db46-71e9-4a61-956f-f4b8ac636882","evidenceId":"d0658d97-9f98-49a2-9a4b-62214201aa11","requestId":"0775231a-b4e1-4fdb-a2b1-014bfb52cc4c","statusCode":200,"method":"GET","url":"/v1/evidence/d0658d97-9f98-49a2-9a4b-62214201aa11/artifacts/status","durationMs":22,"userId":"1367db46-71e9-4a61-956f-f4b8ac636882","evidenceId":"d0658d97-9f98-49a2-9a4b-62214201aa11","msg":"request.completed"}
[90m[api][0m {"level":30,"time":1790802786632,"service":"api","reqId":"6e3ab247-47c3-4121-a5cd-d0d6fca4b5a4","requestId":"6e3ab247-47c3-4121-a5cd-d0d6fca4b5a4","userId":"1367db46-71e9-4a61-956f-f4b8ac636882","evidenceId":"d0658d97-9f98-49a2-9a4b-62214201aa11","requestId":"6e3ab247-47c3-4121-a5cd-d0d6fca4b5a4","statusCode":200,"method":"GET","url":"/v1/evidence/d0658d97-9f98-49a2-9a4b-62214201aa11/artifacts/status","durationMs":29,"userId":"1367db46-71e9-4a61-956f-f4b8ac636882","evidenceId":"d0658d97-9f98-49a2-9a4b-62214201aa11","msg":"request.completed"}
[90m[api][0m {"level":30,"time":1790802791657,"service":"api","reqId":"28adbbf1-7559-4d0b-a124-862ec21dfc72","requestId":"28adbbf1-7559-4d0b-a124-862ec21dfc72","userId":"1367db46-71e9-4a61-956f-f4b8ac636882","evidenceId":"d0658d97-9f98-49a2-9a4b-62214201aa11","requestId":"28adbbf1-7559-4d0b-a124-862ec21dfc72","statusCode":200,"method":"GET","url":"/v1/evidence/d0658d97-9f98-49a2-9a4b-62214201aa11/artifacts/status","durationMs":23,"userId":"1367db46-71e9-4a61-956f-f4b8ac636882","evidenceId":"d0658d97-9f98-49a2-9a4b-62214201aa11","msg":"request.completed"}
[90m[api][0m {"level":30,"time":1790802796695,"service":"api","reqId":"9fb6423b-2d51-4c34-b73e-369353c99246","requestId":"9fb6423b-2d51-4c34-b73e-369353c99246","userId":"1367db46-71e9-4a61-956f-f4b8ac636882","evidenceId":"d0658d97-9f98-49a2-9a4b-62214201aa11","requestId":"9fb6423b-2d51-4c34-b73e-369353c99246","statusCode":200,"method":"GET","url":"/v1/evidence/d0658d97-9f98-49a2-9a4b-62214201aa11/artifacts/status","durationMs":29,"userId":"1367db46-71e9-4a61-956f-f4b8ac636882","evidenceId":"d0658d97-9f98-49a2-9a4b-62214201aa11","msg":"request.completed"}
[90m[api][0m {"level":30,"time":1790802801732,"service":"api","reqId":"e3b19fa9-9f4e-4921-8ae2-1bf4d2e7b1be","requestId":"e3b19fa9-9f4e-4921-8ae2-1bf4d2e7b1be","userId":"1367db46-71e9-4a61-956f-f4b8ac636882","evidenceId":"d0658d97-9f98-49a2-9a4b-62214201aa11","requestId":"e3b19fa9-9f4e-4921-8ae2-1bf4d2e7b1be","statusCode":200,"method":"GET","url":"/v1/evidence/d0658d97-9f98-49a2-9a4b-62214201aa11/artifacts/status","durationMs":23,"userId":"1367db46-71e9-4a61-956f-f4b8ac636882","evidenceId":"d0658d97-9f98-49a2-9a4b-62214201aa11","msg":"request.completed"}
[90m[api][0m {"level":30,"time":1790802806764,"service":"api","reqId":"75df8955-e7a7-4973-9ea5-5d1ffad612bd","requestId":"75df8955-e7a7-4973-9ea5-5d1ffad612bd","userId":"1367db46-71e9-4a61-956f-f4b8ac636882","evidenceId":"d0658d97-9f98-49a2-9a4b-62214201aa11","requestId":"75df8955-e7a7-4973-9ea5-5d1ffad612bd","statusCode":200,"method":"GET","url":"/v1/evidence/d0658d97-9f98-49a2-9a4b-62214201aa11/artifacts/status","durationMs":22,"userId":"1367db46-71e9-4a61-956f-f4b8ac636882","evidenceId":"d0658d97-9f98-49a2-9a4b-62214201aa11","msg":"request.completed"}
[90m[api][0m {"level":30,"time":1790802811788,"service":"api","reqId":"c873a721-6450-4af6-a600-b77b7f23603a","requestId":"c873a721-6450-4af6-a600-b77b7f23603a","userId":"1367db46-71e9-4a61-956f-f4b8ac636882","evidenceId":"d0658d97-9f98-49a2-9a4b-62214201aa11","requestId":"c873a721-6450-4af6-a600-b77b7f23603a","statusCode":200,"method":"GET","url":"/v1/evidence/d0658d97-9f98-49a2-9a4b-62214201aa11/artifacts/status","durationMs":21,"userId":"1367db46-71e9-4a61-956f-f4b8ac636882","evidenceId":"d0658d97-9f98-49a2-9a4b-62214201aa11","msg":"request.completed"}
[90m[api][0m {"level":30,"time":1790802816825,"service":"api","reqId":"1f55fb75-aecd-4ca8-9561-931d9ac8d9bc","requestId":"1f55fb75-aecd-4ca8-9561-931d9ac8d9bc","userId":"1367db46-71e9-4a61-956f-f4b8ac636882","evidenceId":"d0658d97-9f98-49a2-9a4b-62214201aa11","requestId":"1f55fb75-aecd-4ca8-9561-931d9ac8d9bc","statusCode":200,"method":"GET","url":"/v1/evidence/d0658d97-9f98-49a2-9a4b-62214201aa11/artifacts/status","durationMs":30,"userId":"1367db46-71e9-4a61-956f-f4b8ac636882","evidenceId":"d0658d97-9f98-49a2-9a4b-62214201aa11","msg":"request.completed"}
[90m[api][0m {"level":30,"time":1790802821854,"service":"api","reqId":"70bc9c58-6847-4ff0-bb0c-59ee85d7fafe","requestId":"70bc9c58-6847-4ff0-bb0c-59ee85d7fafe","userId":"1367db46-71e9-4a61-956f-f4b8ac636882","evidenceId":"d0658d97-9f98-49a2-9a4b-62214201aa11","requestId":"70bc9c58-6847-4ff0-bb0c-59ee85d7fafe","statusCode":200,"method":"GET","url":"/v1/evidence/d0658d97-9f98-49a2-9a4b-62214201aa11/artifacts/status","durationMs":22,"userId":"1367db46-71e9-4a61-956f-f4b8ac636882","evidenceId":"d0658d97-9f98-49a2-9a4b-62214201aa11","msg":"request.completed"}
[90m[api][0m {"level":30,"time":1790802826892,"service":"api","reqId":"ec639b2a-6d35-446f-9f50-4d4886b0a900","requestId":"ec639b2a-6d35-446f-9f50-4d4886b0a900","userId":"1367db46-71e9-4a61-956f-f4b8ac636882","evidenceId":"d0658d97-9f98-49a2-9a4b-62214201aa11","requestId":"ec639b2a-6d35-446f-9f50-4d4886b0a900","statusCode":200,"method":"GET","url":"/v1/evidence/d0658d97-9f98-49a2-9a4b-62214201aa11/artifacts/status","durationMs":29,"userId":"1367db46-71e9-4a61-956f-f4b8ac636882","evidenceId":"d0658d97-9f98-49a2-9a4b-62214201aa11","msg":"request.completed"}
[90m[api][0m {"level":30,"time":1790802831926,"service":"api","reqId":"09dc3edb-68a9-48ad-bd3c-efdbb5d48aa4","requestId":"09dc3edb-68a9-48ad-bd3c-efdbb5d48aa4","userId":"1367db46-71e9-4a61-956f-f4b8ac636882","evidenceId":"d0658d97-9f98-49a2-9a4b-62214201aa11","requestId":"09dc3edb-68a9-48ad-bd3c-efdbb5d48aa4","statusCode":200,"method":"GET","url":"/v1/evidence/d0658d97-9f98-49a2-9a4b-62214201aa11/artifacts/status","durationMs":23,"userId":"1367db46-71e9-4a61-956f-f4b8ac636882","evidenceId":"d0658d97-9f98-49a2-9a4b-62214201aa11","msg":"request.completed"}
[90m[api][0m {"level":30,"time":1790802836966,"service":"api","reqId":"de5e98f4-372f-4534-9478-1eb5c1c5d323","requestId":"de5e98f4-372f-4534-9478-1eb5c1c5d323","userId":"1367db46-71e9-4a61-956f-f4b8ac636882","evidenceId":"d0658d97-9f98-49a2-9a4b-62214201aa11","requestId":"de5e98f4-372f-4534-9478-1eb5c1c5d323","statusCode":200,"method":"GET","url":"/v1/evidence/d0658d97-9f98-49a2-9a4b-62214201aa11/artifacts/status","durationMs":28,"userId":"1367db46-71e9-4a61-956f-f4b8ac636882","evidenceId":"d0658d97-9f98-49a2-9a4b-62214201aa11","msg":"request.completed"}
[90m[api][0m [api:info] billing.dependent_cancellation.sweep_completed {
  subjects: 0,
  attempted: 0,
  confirmed: 0,
  failed: 0,
  escalated: 0,
  conditionsOpened: 0
}
[90m[api][0m [api:info] billing.reconciliation.sweep_completed { attempted: 0, updated: 0, failed: 0 }
[90m[api][0m {"level":30,"time":1790802842003,"service":"api","reqId":"d4f427a2-58eb-48da-af7d-2ae7d898e68a","requestId":"d4f427a2-58eb-48da-af7d-2ae7d898e68a","userId":"1367db46-71e9-4a61-956f-f4b8ac636882","evidenceId":"d0658d97-9f98-49a2-9a4b-62214201aa11","requestId":"d4f427a2-58eb-48da-af7d-2ae7d898e68a","statusCode":200,"method":"GET","url":"/v1/evidence/d0658d97-9f98-49a2-9a4b-62214201aa11/artifacts/status","durationMs":21,"userId":"1367db46-71e9-4a61-956f-f4b8ac636882","evidenceId":"d0658d97-9f98-49a2-9a4b-62214201aa11","msg":"request.completed"}
[90m[api][0m {"level":30,"time":1790802847040,"service":"api","reqId":"a92aea7f-3f4e-4e66-8ff6-b149d70b007a","requestId":"a92aea7f-3f4e-4e66-8ff6-b149d70b007a","userId":"1367db46-71e9-4a61-956f-f4b8ac636882","evidenceId":"d0658d97-9f98-49a2-9a4b-62214201aa11","requestId":"a92aea7f-3f4e-4e66-8ff6-b149d70b007a","statusCode":200,"method":"GET","url":"/v1/evidence/d0658d97-9f98-49a2-9a4b-62214201aa11/artifacts/status","durationMs":22,"userId":"1367db46-71e9-4a61-956f-f4b8ac636882","evidenceId":"d0658d97-9f98-49a2-9a4b-62214201aa11","msg":"request.completed"}
[90m[api][0m {"level":30,"time":1790802852074,"service":"api","reqId":"27c3b08e-6607-4687-a4e0-18d0f6290da0","requestId":"27c3b08e-6607-4687-a4e0-18d0f6290da0","userId":"1367db46-71e9-4a61-956f-f4b8ac636882","evidenceId":"d0658d97-9f98-49a2-9a4b-62214201aa11","requestId":"27c3b08e-6607-4687-a4e0-18d0f6290da0","statusCode":200,"method":"GET","url":"/v1/evidence/d0658d97-9f98-49a2-9a4b-62214201aa11/artifacts/status","durationMs":27,"userId":"1367db46-71e9-4a61-956f-f4b8ac636882","evidenceId":"d0658d97-9f98-49a2-9a4b-62214201aa11","msg":"request.completed"}
[90m[api][0m {"level":30,"time":1790802857111,"service":"api","reqId":"998f9447-1f74-4180-9372-7a112164be78","requestId":"998f9447-1f74-4180-9372-7a112164be78","userId":"1367db46-71e9-4a61-956f-f4b8ac636882","evidenceId":"d0658d97-9f98-49a2-9a4b-62214201aa11","requestId":"998f9447-1f74-4180-9372-7a112164be78","statusCode":200,"method":"GET","url":"/v1/evidence/d0658d97-9f98-49a2-9a4b-62214201aa11/artifacts/status","durationMs":21,"userId":"1367db46-71e9-4a61-956f-f4b8ac636882","evidenceId":"d0658d97-9f98-49a2-9a4b-62214201aa11","msg":"request.completed"}
[90m[api][0m {"level":30,"time":1790802862149,"service":"api","reqId":"cd3b83c5-a25e-45fe-92a7-dbe76d169e8e","requestId":"cd3b83c5-a25e-45fe-92a7-dbe76d169e8e","userId":"1367db46-71e9-4a61-956f-f4b8ac636882","evidenceId":"d0658d97-9f98-49a2-9a4b-62214201aa11","requestId":"cd3b83c5-a25e-45fe-92a7-dbe76d169e8e","statusCode":200,"method":"GET","url":"/v1/evidence/d0658d97-9f98-49a2-9a4b-62214201aa11/artifacts/status","durationMs":23,"userId":"1367db46-71e9-4a61-956f-f4b8ac636882","evidenceId":"d0658d97-9f98-49a2-9a4b-62214201aa11","msg":"request.completed"}
[90m[api][0m {"level":30,"time":1790802867191,"service":"api","reqId":"3da9ee94-7730-47f8-87b2-d2f44d36d3bb","requestId":"3da9ee94-7730-47f8-87b2-d2f44d36d3bb","userId":"1367db46-71e9-4a61-956f-f4b8ac636882","evidenceId":"d0658d97-9f98-49a2-9a4b-62214201aa11","requestId":"3da9ee94-7730-47f8-87b2-d2f44d36d3bb","statusCode":200,"method":"GET","url":"/v1/evidence/d0658d97-9f98-49a2-9a4b-62214201aa11/artifacts/status","durationMs":29,"userId":"1367db46-71e9-4a61-956f-f4b8ac636882","evidenceId":"d0658d97-9f98-49a2-9a4b-62214201aa11","msg":"request.completed"}
[90m[api][0m {"level":30,"time":1790802872224,"service":"api","reqId":"d4436a5a-5bac-4cf0-a163-418cc2837757","requestId":"d4436a5a-5bac-4cf0-a163-418cc2837757","userId":"1367db46-71e9-4a61-956f-f4b8ac636882","evidenceId":"d0658d97-9f98-49a2-9a4b-62214201aa11","requestId":"d4436a5a-5bac-4cf0-a163-418cc2837757","statusCode":200,"method":"GET","url":"/v1/evidence/d0658d97-9f98-49a2-9a4b-62214201aa11/artifacts/status","durationMs":23,"userId":"1367db46-71e9-4a61-956f-f4b8ac636882","evidenceId":"d0658d97-9f98-49a2-9a4b-62214201aa11","msg":"request.completed"}
[90m[api][0m {"level":30,"time":1790802877249,"service":"api","reqId":"010c6b61-779f-45e9-bf66-acc527cc9d73","requestId":"010c6b61-779f-45e9-bf66-acc527cc9d73","userId":"1367db46-71e9-4a61-956f-f4b8ac636882","evidenceId":"d0658d97-9f98-49a2-9a4b-62214201aa11","requestId":"010c6b61-779f-45e9-bf66-acc527cc9d73","statusCode":200,"method":"GET","url":"/v1/evidence/d0658d97-9f98-49a2-9a4b-62214201aa11/artifacts/status","durationMs":24,"userId":"1367db46-71e9-4a61-956f-f4b8ac636882","evidenceId":"d0658d97-9f98-49a2-9a4b-62214201aa11","msg":"request.completed"}
[90m[api][0m {"level":30,"time":1790802882294,"service":"api","reqId":"6571cb36-3905-4d82-9cd9-f9f7a3d87b74","requestId":"6571cb36-3905-4d82-9cd9-f9f7a3d87b74","userId":"1367db46-71e9-4a61-956f-f4b8ac636882","evidenceId":"d0658d97-9f98-49a2-9a4b-62214201aa11","requestId":"6571cb36-3905-4d82-9cd9-f9f7a3d87b74","statusCode":200,"method":"GET","url":"/v1/evidence/d0658d97-9f98-49a2-9a4b-62214201aa11/artifacts/status","durationMs":30,"userId":"1367db46-71e9-4a61-956f-f4b8ac636882","evidenceId":"d0658d97-9f98-49a2-9a4b-62214201aa11","msg":"request.completed"}
[90m[api][0m {"level":30,"time":1790802887326,"service":"api","reqId":"efa10cc9-cf9c-4958-841f-7dff39405854","requestId":"efa10cc9-cf9c-4958-841f-7dff39405854","userId":"1367db46-71e9-4a61-956f-f4b8ac636882","evidenceId":"d0658d97-9f98-49a2-9a4b-62214201aa11","requestId":"efa10cc9-cf9c-4958-841f-7dff39405854","statusCode":200,"method":"GET","url":"/v1/evidence/d0658d97-9f98-49a2-9a4b-62214201aa11/artifacts/status","durationMs":23,"userId":"1367db46-71e9-4a61-956f-f4b8ac636882","evidenceId":"d0658d97-9f98-49a2-9a4b-62214201aa11","msg":"request.completed"}
[90m[api][0m {"level":30,"time":1790802892349,"service":"api","reqId":"b8a98e7d-0ec3-48ac-8edb-846a548e4874","requestId":"b8a98e7d-0ec3-48ac-8edb-846a548e4874","userId":"1367db46-71e9-4a61-956f-f4b8ac636882","evidenceId":"d0658d97-9f98-49a2-9a4b-62214201aa11","requestId":"b8a98e7d-0ec3-48ac-8edb-846a548e4874","statusCode":200,"method":"GET","url":"/v1/evidence/d0658d97-9f98-49a2-9a4b-62214201aa11/artifacts/status","durationMs":21,"userId":"1367db46-71e9-4a61-956f-f4b8ac636882","evidenceId":"d0658d97-9f98-49a2-9a4b-62214201aa11","msg":"request.completed"}
[90m[api][0m [api:info] billing.dependent_cancellation.sweep_completed {
  subjects: 0,
  attempted: 0,
  confirmed: 0,
  failed: 0,
  escalated: 0,
  conditionsOpened: 0
}
[90m[api][0m {"level":30,"time":1790802897381,"service":"api","reqId":"e0351283-e31f-4a40-a35f-60045e0d1424","requestId":"e0351283-e31f-4a40-a35f-60045e0d1424","userId":"1367db46-71e9-4a61-956f-f4b8ac636882","evidenceId":"d0658d97-9f98-49a2-9a4b-62214201aa11","requestId":"e0351283-e31f-4a40-a35f-60045e0d1424","statusCode":200,"method":"GET","url":"/v1/evidence/d0658d97-9f98-49a2-9a4b-62214201aa11/artifacts/status","durationMs":21,"userId":"1367db46-71e9-4a61-956f-f4b8ac636882","evidenceId":"d0658d97-9f98-49a2-9a4b-62214201aa11","msg":"request.completed"}
[90m[api][0m {"level":30,"time":1790802902407,"service":"api","reqId":"98a89ee4-61b5-4404-a07f-1232735e4570","requestId":"98a89ee4-61b5-4404-a07f-1232735e4570","userId":"1367db46-71e9-4a61-956f-f4b8ac636882","evidenceId":"d0658d97-9f98-49a2-9a4b-62214201aa11","requestId":"98a89ee4-61b5-4404-a07f-1232735e4570","statusCode":200,"method":"GET","url":"/v1/evidence/d0658d97-9f98-49a2-9a4b-62214201aa11/artifacts/status","durationMs":22,"userId":"1367db46-71e9-4a61-956f-f4b8ac636882","evidenceId":"d0658d97-9f98-49a2-9a4b-62214201aa11","msg":"request.completed"}
[90m[api][0m {"level":30,"time":1790802907441,"service":"api","reqId":"30bc9de6-15e4-4de2-9ce0-7824edbd492a","requestId":"30bc9de6-15e4-4de2-9ce0-7824edbd492a","userId":"1367db46-71e9-4a61-956f-f4b8ac636882","evidenceId":"d0658d97-9f98-49a2-9a4b-62214201aa11","requestId":"30bc9de6-15e4-4de2-9ce0-7824edbd492a","statusCode":200,"method":"GET","url":"/v1/evidence/d0658d97-9f98-49a2-9a4b-62214201aa11/artifacts/status","durationMs":31,"userId":"1367db46-71e9-4a61-956f-f4b8ac636882","evidenceId":"d0658d97-9f98-49a2-9a4b-62214201aa11","msg":"request.completed"}
[90m[api][0m {"level":30,"time":1790802912468,"service":"api","reqId":"f9dc3ba2-f0bc-4881-81e9-1bd558e4aa22","requestId":"f9dc3ba2-f0bc-4881-81e9-1bd558e4aa22","userId":"1367db46-71e9-4a61-956f-f4b8ac636882","evidenceId":"d0658d97-9f98-49a2-9a4b-62214201aa11","requestId":"f9dc3ba2-f0bc-4881-81e9-1bd558e4aa22","statusCode":200,"method":"GET","url":"/v1/evidence/d0658d97-9f98-49a2-9a4b-62214201aa11/artifacts/status","durationMs":22,"userId":"1367db46-71e9-4a61-956f-f4b8ac636882","evidenceId":"d0658d97-9f98-49a2-9a4b-62214201aa11","msg":"request.completed"}
[90m[api][0m {"level":30,"time":1790802917506,"service":"api","reqId":"72cd8c69-786c-4bd4-aea7-fd4c5c05ab0d","requestId":"72cd8c69-786c-4bd4-aea7-fd4c5c05ab0d","userId":"1367db46-71e9-4a61-956f-f4b8ac636882","evidenceId":"d0658d97-9f98-49a2-9a4b-62214201aa11","requestId":"72cd8c69-786c-4bd4-aea7-fd4c5c05ab0d","statusCode":200,"method":"GET","url":"/v1/evidence/d0658d97-9f98-49a2-9a4b-62214201aa11/artifacts/status","durationMs":23,"userId":"1367db46-71e9-4a61-956f-f4b8ac636882","evidenceId":"d0658d97-9f98-49a2-9a4b-62214201aa11","msg":"request.completed"}
[90m[api][0m {"level":30,"time":1790802922540,"service":"api","reqId":"037d3f58-6956-47c7-ac14-4eb84ecc3ae1","requestId":"037d3f58-6956-47c7-ac14-4eb84ecc3ae1","userId":"1367db46-71e9-4a61-956f-f4b8ac636882","evidenceId":"d0658d97-9f98-49a2-9a4b-62214201aa11","requestId":"037d3f58-6956-47c7-ac14-4eb84ecc3ae1","statusCode":200,"method":"GET","url":"/v1/evidence/d0658d97-9f98-49a2-9a4b-62214201aa11/artifacts/status","durationMs":22,"userId":"1367db46-71e9-4a61-956f-f4b8ac636882","evidenceId":"d0658d97-9f98-49a2-9a4b-62214201aa11","msg":"request.completed"}
[90m[api][0m {"level":30,"time":1790802927581,"service":"api","reqId":"491a5914-c9b5-4024-9c45-a2b3bb41d917","requestId":"491a5914-c9b5-4024-9c45-a2b3bb41d917","userId":"1367db46-71e9-4a61-956f-f4b8ac636882","evidenceId":"d0658d97-9f98-49a2-9a4b-62214201aa11","requestId":"491a5914-c9b5-4024-9c45-a2b3bb41d917","statusCode":200,"method":"GET","url":"/v1/evidence/d0658d97-9f98-49a2-9a4b-62214201aa11/artifacts/status","durationMs":28,"userId":"1367db46-71e9-4a61-956f-f4b8ac636882","evidenceId":"d0658d97-9f98-49a2-9a4b-62214201aa11","msg":"request.completed"}
[90m[api][0m {"level":30,"time":1790802932615,"service":"api","reqId":"000092c6-39a9-476d-8573-4dbba426b8a4","requestId":"000092c6-39a9-476d-8573-4dbba426b8a4","userId":"1367db46-71e9-4a61-956f-f4b8ac636882","evidenceId":"d0658d97-9f98-49a2-9a4b-62214201aa11","requestId":"000092c6-39a9-476d-8573-4dbba426b8a4","statusCode":200,"method":"GET","url":"/v1/evidence/d0658d97-9f98-49a2-9a4b-62214201aa11/artifacts/status","durationMs":22,"userId":"1367db46-71e9-4a61-956f-f4b8ac636882","evidenceId":"d0658d97-9f98-49a2-9a4b-62214201aa11","msg":"request.completed"}
[90m[api][0m {"level":30,"time":1790802937651,"service":"api","reqId":"2741b884-62dc-4bb0-9a9a-b12e4b77fb1a","requestId":"2741b884-62dc-4bb0-9a9a-b12e4b77fb1a","userId":"1367db46-71e9-4a61-956f-f4b8ac636882","evidenceId":"d0658d97-9f98-49a2-9a4b-62214201aa11","requestId":"2741b884-62dc-4bb0-9a9a-b12e4b77fb1a","statusCode":200,"method":"GET","url":"/v1/evidence/d0658d97-9f98-49a2-9a4b-62214201aa11/artifacts/status","durationMs":28,"userId":"1367db46-71e9-4a61-956f-f4b8ac636882","evidenceId":"d0658d97-9f98-49a2-9a4b-62214201aa11","msg":"request.completed"}
[90m[api][0m {"level":30,"time":1790802942684,"service":"api","reqId":"f40017d1-47e0-4678-91c5-710b89ed183c","requestId":"f40017d1-47e0-4678-91c5-710b89ed183c","userId":"1367db46-71e9-4a61-956f-f4b8ac636882","evidenceId":"d0658d97-9f98-49a2-9a4b-62214201aa11","requestId":"f40017d1-47e0-4678-91c5-710b89ed183c","statusCode":200,"method":"GET","url":"/v1/evidence/d0658d97-9f98-49a2-9a4b-62214201aa11/artifacts/status","durationMs":23,"userId":"1367db46-71e9-4a61-956f-f4b8ac636882","evidenceId":"d0658d97-9f98-49a2-9a4b-62214201aa11","msg":"request.completed"}
[90m[api][0m {"level":30,"time":1790802947718,"service":"api","reqId":"fbac420d-380a-4721-9c1d-3a3060017275","requestId":"fbac420d-380a-4721-9c1d-3a3060017275","userId":"1367db46-71e9-4a61-956f-f4b8ac636882","evidenceId":"d0658d97-9f98-49a2-9a4b-62214201aa11","requestId":"fbac420d-380a-4721-9c1d-3a3060017275","statusCode":200,"method":"GET","url":"/v1/evidence/d0658d97-9f98-49a2-9a4b-62214201aa11/artifacts/status","durationMs":21,"userId":"1367db46-71e9-4a61-956f-f4b8ac636882","evidenceId":"d0658d97-9f98-49a2-9a4b-62214201aa11","msg":"request.completed"}
[90m[api][0m {"level":30,"time":1790802952752,"service":"api","reqId":"a2a4cea2-105c-43d9-8db0-a8cff2226b8f","requestId":"a2a4cea2-105c-43d9-8db0-a8cff2226b8f","userId":"1367db46-71e9-4a61-956f-f4b8ac636882","evidenceId":"d0658d97-9f98-49a2-9a4b-62214201aa11","requestId":"a2a4cea2-105c-43d9-8db0-a8cff2226b8f","statusCode":200,"method":"GET","url":"/v1/evidence/d0658d97-9f98-49a2-9a4b-62214201aa11/artifacts/status","durationMs":28,"userId":"1367db46-71e9-4a61-956f-f4b8ac636882","evidenceId":"d0658d97-9f98-49a2-9a4b-62214201aa11","msg":"request.completed"}
[90m[api][0m [api:info] billing.dependent_cancellation.sweep_completed {
  subjects: 0,
  attempted: 0,
  confirmed: 0,
  failed: 0,
  escalated: 0,
  conditionsOpened: 0
}
[90m[api][0m {"level":30,"time":1790802957784,"service":"api","reqId":"4db7a313-b94d-4a16-8e5c-1e73ea380c01","requestId":"4db7a313-b94d-4a16-8e5c-1e73ea380c01","userId":"1367db46-71e9-4a61-956f-f4b8ac636882","evidenceId":"d0658d97-9f98-49a2-9a4b-62214201aa11","requestId":"4db7a313-b94d-4a16-8e5c-1e73ea380c01","statusCode":200,"method":"GET","url":"/v1/evidence/d0658d97-9f98-49a2-9a4b-62214201aa11/artifacts/status","durationMs":25,"userId":"1367db46-71e9-4a61-956f-f4b8ac636882","evidenceId":"d0658d97-9f98-49a2-9a4b-62214201aa11","msg":"request.completed"}
[90m[api][0m {"level":30,"time":1790802962816,"service":"api","reqId":"76bacea5-9d3f-4c90-be54-085ff7e827ca","requestId":"76bacea5-9d3f-4c90-be54-085ff7e827ca","userId":"1367db46-71e9-4a61-956f-f4b8ac636882","evidenceId":"d0658d97-9f98-49a2-9a4b-62214201aa11","requestId":"76bacea5-9d3f-4c90-be54-085ff7e827ca","statusCode":200,"method":"GET","url":"/v1/evidence/d0658d97-9f98-49a2-9a4b-62214201aa11/artifacts/status","durationMs":31,"userId":"1367db46-71e9-4a61-956f-f4b8ac636882","evidenceId":"d0658d97-9f98-49a2-9a4b-62214201aa11","msg":"request.completed"}
[90m[api][0m {"level":30,"time":1790802967853,"service":"api","reqId":"89ef5df0-9340-4dac-9ce9-f3a62560b02d","requestId":"89ef5df0-9340-4dac-9ce9-f3a62560b02d","userId":"1367db46-71e9-4a61-956f-f4b8ac636882","evidenceId":"d0658d97-9f98-49a2-9a4b-62214201aa11","requestId":"89ef5df0-9340-4dac-9ce9-f3a62560b02d","statusCode":200,"method":"GET","url":"/v1/evidence/d0658d97-9f98-49a2-9a4b-62214201aa11/artifacts/status","durationMs":23,"userId":"1367db46-71e9-4a61-956f-f4b8ac636882","evidenceId":"d0658d97-9f98-49a2-9a4b-62214201aa11","msg":"request.completed"}
[90m[api][0m {"level":30,"time":1790802972890,"service":"api","reqId":"eb6e3aed-d178-4793-9395-515bab0ebd66","requestId":"eb6e3aed-d178-4793-9395-515bab0ebd66","userId":"1367db46-71e9-4a61-956f-f4b8ac636882","evidenceId":"d0658d97-9f98-49a2-9a4b-62214201aa11","requestId":"eb6e3aed-d178-4793-9395-515bab0ebd66","statusCode":200,"method":"GET","url":"/v1/evidence/d0658d97-9f98-49a2-9a4b-62214201aa11/artifacts/status","durationMs":30,"userId":"1367db46-71e9-4a61-956f-f4b8ac636882","evidenceId":"d0658d97-9f98-49a2-9a4b-62214201aa11","msg":"request.completed"}
[90m[api][0m {"level":30,"time":1790802977929,"service":"api","reqId":"67c87354-815b-426d-a9b3-c27ff44ee7f6","requestId":"67c87354-815b-426d-a9b3-c27ff44ee7f6","userId":"1367db46-71e9-4a61-956f-f4b8ac636882","evidenceId":"d0658d97-9f98-49a2-9a4b-62214201aa11","requestId":"67c87354-815b-426d-a9b3-c27ff44ee7f6","statusCode":200,"method":"GET","url":"/v1/evidence/d0658d97-9f98-49a2-9a4b-62214201aa11/artifacts/status","durationMs":22,"userId":"1367db46-71e9-4a61-956f-f4b8ac636882","evidenceId":"d0658d97-9f98-49a2-9a4b-62214201aa11","msg":"request.completed"}
[90m[api][0m {"level":30,"time":1790802982953,"service":"api","reqId":"86d46f1b-573a-4b50-abfd-5b4a02c979fc","requestId":"86d46f1b-573a-4b50-abfd-5b4a02c979fc","userId":"1367db46-71e9-4a61-956f-f4b8ac636882","evidenceId":"d0658d97-9f98-49a2-9a4b-62214201aa11","requestId":"86d46f1b-573a-4b50-abfd-5b4a02c979fc","statusCode":200,"method":"GET","url":"/v1/evidence/d0658d97-9f98-49a2-9a4b-62214201aa11/artifacts/status","durationMs":22,"userId":"1367db46-71e9-4a61-956f-f4b8ac636882","evidenceId":"d0658d97-9f98-49a2-9a4b-62214201aa11","msg":"request.completed"}
[90m[api][0m {"level":30,"time":1790802987991,"service":"api","reqId":"9b1a5f1b-1a7b-4fc5-bd45-ddf39b459c22","requestId":"9b1a5f1b-1a7b-4fc5-bd45-ddf39b459c22","userId":"1367db46-71e9-4a61-956f-f4b8ac636882","evidenceId":"d0658d97-9f98-49a2-9a4b-62214201aa11","requestId":"9b1a5f1b-1a7b-4fc5-bd45-ddf39b459c22","statusCode":200,"method":"GET","url":"/v1/evidence/d0658d97-9f98-49a2-9a4b-62214201aa11/artifacts/status","durationMs":22,"userId":"1367db46-71e9-4a61-956f-f4b8ac636882","evidenceId":"d0658d97-9f98-49a2-9a4b-62214201aa11","msg":"request.completed"}
[90m[api][0m {"level":30,"time":1790802993020,"service":"api","reqId":"aa101e5e-e7ec-4b72-9ea7-89cd511d7105","requestId":"aa101e5e-e7ec-4b72-9ea7-89cd511d7105","userId":"1367db46-71e9-4a61-956f-f4b8ac636882","evidenceId":"d0658d97-9f98-49a2-9a4b-62214201aa11","requestId":"aa101e5e-e7ec-4b72-9ea7-89cd511d7105","statusCode":200,"method":"GET","url":"/v1/evidence/d0658d97-9f98-49a2-9a4b-62214201aa11/artifacts/status","durationMs":21,"userId":"1367db46-71e9-4a61-956f-f4b8ac636882","evidenceId":"d0658d97-9f98-49a2-9a4b-62214201aa11","msg":"request.completed"}
[90m[api][0m {"level":30,"time":1790802998053,"service":"api","reqId":"f5f5eea2-1aa0-4fa4-9ce8-0c648dbb2af1","requestId":"f5f5eea2-1aa0-4fa4-9ce8-0c648dbb2af1","userId":"1367db46-71e9-4a61-956f-f4b8ac636882","evidenceId":"d0658d97-9f98-49a2-9a4b-62214201aa11","requestId":"f5f5eea2-1aa0-4fa4-9ce8-0c648dbb2af1","statusCode":200,"method":"GET","url":"/v1/evidence/d0658d97-9f98-49a2-9a4b-62214201aa11/artifacts/status","durationMs":27,"userId":"1367db46-71e9-4a61-956f-f4b8ac636882","evidenceId":"d0658d97-9f98-49a2-9a4b-62214201aa11","msg":"request.completed"}
[90m[api][0m {"level":40,"time":1790803003064,"service":"api","reqId":"f3b91a32-1c41-4760-840c-53c05cb5aa65","requestId":"f3b91a32-1c41-4760-840c-53c05cb5aa65","userId":"1367db46-71e9-4a61-956f-f4b8ac636882","requestId":"f3b91a32-1c41-4760-840c-53c05cb5aa65","statusCode":401,"method":"POST","url":"/v1/evidence/d0658d97-9f98-49a2-9a4b-62214201aa11/verify-links","durationMs":9,"userId":"1367db46-71e9-4a61-956f-f4b8ac636882","msg":"request.completed.business_error"}
[90m[api][0m {"level":30,"time":1790803003077,"service":"api","reqId":"786425d1-8efe-477e-ab08-6710514cc313","requestId":"786425d1-8efe-477e-ab08-6710514cc313","userId":"1367db46-71e9-4a61-956f-f4b8ac636882","requestId":"786425d1-8efe-477e-ab08-6710514cc313","statusCode":200,"method":"POST","url":"/v1/identity/mfa/enroll/start","durationMs":11,"userId":"1367db46-71e9-4a61-956f-f4b8ac636882","msg":"request.completed"}
[90m[api][0m {"level":30,"time":1790803003332,"service":"api","reqId":"1a766038-7777-44ab-b292-a43a18a18cab","requestId":"1a766038-7777-44ab-b292-a43a18a18cab","userId":"1367db46-71e9-4a61-956f-f4b8ac636882","requestId":"1a766038-7777-44ab-b292-a43a18a18cab","statusCode":200,"method":"POST","url":"/v1/identity/mfa/enroll/verify","durationMs":254,"userId":"1367db46-71e9-4a61-956f-f4b8ac636882","msg":"request.completed"}
[90m[api][0m [api:info] billing.dependent_cancellation.sweep_completed {
  subjects: 0,
  attempted: 0,
  confirmed: 0,
  failed: 0,
  escalated: 0,
  conditionsOpened: 0
}
[90m[api][0m {"level":30,"time":1790803034382,"service":"api","reqId":"154f1a40-da3e-4dfa-bd30-4d50281d9714","requestId":"154f1a40-da3e-4dfa-bd30-4d50281d9714","userId":"1367db46-71e9-4a61-956f-f4b8ac636882","requestId":"154f1a40-da3e-4dfa-bd30-4d50281d9714","statusCode":200,"method":"POST","url":"/v1/identity-security/step-up/start","durationMs":45,"userId":"1367db46-71e9-4a61-956f-f4b8ac636882","msg":"request.completed"}
[90m[api][0m {"level":30,"time":1790803034408,"service":"api","reqId":"3d4f9a91-8b11-485d-9a9e-c6b341849517","requestId":"3d4f9a91-8b11-485d-9a9e-c6b341849517","userId":"1367db46-71e9-4a61-956f-f4b8ac636882","requestId":"3d4f9a91-8b11-485d-9a9e-c6b341849517","statusCode":200,"method":"POST","url":"/v1/identity-security/step-up/check","durationMs":25,"userId":"1367db46-71e9-4a61-956f-f4b8ac636882","msg":"request.completed"}
[90m[api][0m {"level":30,"time":1790803034452,"service":"api","reqId":"816b827a-2b17-4b00-8b04-2c6d2539e2ac","requestId":"816b827a-2b17-4b00-8b04-2c6d2539e2ac","userId":"1367db46-71e9-4a61-956f-f4b8ac636882","requestId":"816b827a-2b17-4b00-8b04-2c6d2539e2ac","statusCode":201,"method":"POST","url":"/v1/evidence/d0658d97-9f98-49a2-9a4b-62214201aa11/verify-links","durationMs":43,"userId":"1367db46-71e9-4a61-956f-f4b8ac636882","msg":"request.completed"}
[90m[api][0m {"level":30,"time":1790803034491,"service":"api","reqId":"29c5edab-d385-4d71-bf2a-9c056639f125","requestId":"29c5edab-d385-4d71-bf2a-9c056639f125","evidenceId":"d0658d97-9f98-49a2-9a4b-62214201aa11","evidenceId":"d0658d97-9f98-49a2-9a4b-62214201aa11","reason":"default_redacted","redacted":["submittedByEmail","workspaceName","organizationName"],"msg":"public_verify.identity_redacted"}
[90m[api][0m {"level":30,"time":1790803034551,"service":"api","reqId":"29c5edab-d385-4d71-bf2a-9c056639f125","requestId":"29c5edab-d385-4d71-bf2a-9c056639f125","evidenceId":"d0658d97-9f98-49a2-9a4b-62214201aa11","requestId":"29c5edab-d385-4d71-bf2a-9c056639f125","statusCode":200,"method":"GET","url":"/public/verify/pvs_<redacted>","durationMs":99,"evidenceId":"d0658d97-9f98-49a2-9a4b-62214201aa11","msg":"request.completed"}
[90m[api][0m {"level":30,"time":1790803034572,"service":"api","reqId":"31e52c78-9fa9-4ee9-97a1-89d744f5b68a","requestId":"31e52c78-9fa9-4ee9-97a1-89d744f5b68a","userId":"1367db46-71e9-4a61-956f-f4b8ac636882","requestId":"31e52c78-9fa9-4ee9-97a1-89d744f5b68a","statusCode":201,"method":"POST","url":"/v1/capture/direct-sessions","durationMs":19,"userId":"1367db46-71e9-4a61-956f-f4b8ac636882","msg":"request.completed"}
[90m[api][0m {"level":30,"time":1790803034642,"service":"api","reqId":"26f0a04d-6262-44ba-99b2-c56f07c2f268","requestId":"26f0a04d-6262-44ba-99b2-c56f07c2f268","userId":"1367db46-71e9-4a61-956f-f4b8ac636882","requestId":"26f0a04d-6262-44ba-99b2-c56f07c2f268","statusCode":201,"method":"POST","url":"/v1/capture/direct-sessions/a5af2d21-65c8-4fcd-9a38-9a2c70497599/evidence","durationMs":69,"userId":"1367db46-71e9-4a61-956f-f4b8ac636882","msg":"request.completed"}
[90m[api][0m {"level":30,"time":1790803034670,"service":"api","reqId":"cbfb2cc9-d3e1-4a17-a2b3-c3a85c71465a","requestId":"cbfb2cc9-d3e1-4a17-a2b3-c3a85c71465a","userId":"1367db46-71e9-4a61-956f-f4b8ac636882","evidenceId":"8de5d810-393f-498b-93fd-3f2c7afec562","requestId":"cbfb2cc9-d3e1-4a17-a2b3-c3a85c71465a","statusCode":201,"method":"POST","url":"/v1/evidence/8de5d810-393f-498b-93fd-3f2c7afec562/parts","durationMs":27,"userId":"1367db46-71e9-4a61-956f-f4b8ac636882","evidenceId":"8de5d810-393f-498b-93fd-3f2c7afec562","msg":"request.completed"}
[90m[api][0m {"level":30,"time":1790803034701,"service":"api","reqId":"4ce2ce8f-d5b3-4a26-a319-2d52b4bd1e2b","requestId":"4ce2ce8f-d5b3-4a26-a319-2d52b4bd1e2b","userId":"1367db46-71e9-4a61-956f-f4b8ac636882","requestId":"4ce2ce8f-d5b3-4a26-a319-2d52b4bd1e2b","statusCode":201,"method":"POST","url":"/v1/capture/direct-sessions/a5af2d21-65c8-4fcd-9a38-9a2c70497599/parts/0/declaration","durationMs":21,"userId":"1367db46-71e9-4a61-956f-f4b8ac636882","msg":"request.completed"}
[90m[api][0m {"level":30,"time":1790803034724,"service":"api","reqId":"0c6f53e1-76a9-4059-a437-a47724e27775","requestId":"0c6f53e1-76a9-4059-a437-a47724e27775","userId":"1367db46-71e9-4a61-956f-f4b8ac636882","evidenceId":"8de5d810-393f-498b-93fd-3f2c7afec562","requestId":"0c6f53e1-76a9-4059-a437-a47724e27775","statusCode":201,"method":"POST","url":"/v1/evidence/8de5d810-393f-498b-93fd-3f2c7afec562/parts","durationMs":22,"userId":"1367db46-71e9-4a61-956f-f4b8ac636882","evidenceId":"8de5d810-393f-498b-93fd-3f2c7afec562","msg":"request.completed"}
[90m[api][0m {"level":30,"time":1790803034754,"service":"api","reqId":"089a9de4-42e3-4814-8756-6574af388253","requestId":"089a9de4-42e3-4814-8756-6574af388253","userId":"1367db46-71e9-4a61-956f-f4b8ac636882","requestId":"089a9de4-42e3-4814-8756-6574af388253","statusCode":201,"method":"POST","url":"/v1/capture/direct-sessions/a5af2d21-65c8-4fcd-9a38-9a2c70497599/parts/1/declaration","durationMs":21,"userId":"1367db46-71e9-4a61-956f-f4b8ac636882","msg":"request.completed"}
[90m[api][0m {"level":30,"time":1790803034775,"service":"api","reqId":"7a2b589e-76f5-467e-ad29-b17f536e177a","requestId":"7a2b589e-76f5-467e-ad29-b17f536e177a","userId":"1367db46-71e9-4a61-956f-f4b8ac636882","evidenceId":"8de5d810-393f-498b-93fd-3f2c7afec562","requestId":"7a2b589e-76f5-467e-ad29-b17f536e177a","statusCode":201,"method":"POST","url":"/v1/evidence/8de5d810-393f-498b-93fd-3f2c7afec562/parts","durationMs":20,"userId":"1367db46-71e9-4a61-956f-f4b8ac636882","evidenceId":"8de5d810-393f-498b-93fd-3f2c7afec562","msg":"request.completed"}
[90m[api][0m {"level":30,"time":1790803034803,"service":"api","reqId":"3678ff33-1fd5-43a3-a185-57132dd042d4","requestId":"3678ff33-1fd5-43a3-a185-57132dd042d4","userId":"1367db46-71e9-4a61-956f-f4b8ac636882","requestId":"3678ff33-1fd5-43a3-a185-57132dd042d4","statusCode":201,"method":"POST","url":"/v1/capture/direct-sessions/a5af2d21-65c8-4fcd-9a38-9a2c70497599/parts/2/declaration","durationMs":20,"userId":"1367db46-71e9-4a61-956f-f4b8ac636882","msg":"request.completed"}
[90m[api][0m [api:warn] evidence_complete.graph_reconcile_not_queued {
  evidenceId: '8de5d810-393f-498b-93fd-3f2c7afec562',
  teamId: '04eade48-1ac3-4406-b7bb-fb2f0eaf2ff9',
  reason: 'job_already_live',
  jobId: 'graph-reconcile-04eade48-1ac3-4406-b7bb-fb2f0eaf2ff9'
}
[90m[api][0m {"level":30,"time":1790803034998,"service":"api","reqId":"fcdd5cc2-2630-427f-b5cc-9b6175ce3226","requestId":"fcdd5cc2-2630-427f-b5cc-9b6175ce3226","userId":"1367db46-71e9-4a61-956f-f4b8ac636882","requestId":"fcdd5cc2-2630-427f-b5cc-9b6175ce3226","statusCode":200,"method":"POST","url":"/v1/capture/direct-sessions/a5af2d21-65c8-4fcd-9a38-9a2c70497599/continuous-complete","durationMs":194,"userId":"1367db46-71e9-4a61-956f-f4b8ac636882","msg":"request.completed"}
[90m[api][0m {"level":30,"time":1790803035021,"service":"api","reqId":"bb3bad42-e073-4d17-8cf6-52546b8d558c","requestId":"bb3bad42-e073-4d17-8cf6-52546b8d558c","userId":"1367db46-71e9-4a61-956f-f4b8ac636882","evidenceId":"8de5d810-393f-498b-93fd-3f2c7afec562","requestId":"bb3bad42-e073-4d17-8cf6-52546b8d558c","statusCode":200,"method":"GET","url":"/v1/evidence/8de5d810-393f-498b-93fd-3f2c7afec562/artifacts/status","durationMs":22,"userId":"1367db46-71e9-4a61-956f-f4b8ac636882","evidenceId":"8de5d810-393f-498b-93fd-3f2c7afec562","msg":"request.completed"}
[90m[api][0m {"level":30,"time":1790803040051,"service":"api","reqId":"0dff9d01-6cf3-48c2-9cb0-7bf5f6c17807","requestId":"0dff9d01-6cf3-48c2-9cb0-7bf5f6c17807","userId":"1367db46-71e9-4a61-956f-f4b8ac636882","evidenceId":"8de5d810-393f-498b-93fd-3f2c7afec562","requestId":"0dff9d01-6cf3-48c2-9cb0-7bf5f6c17807","statusCode":200,"method":"GET","url":"/v1/evidence/8de5d810-393f-498b-93fd-3f2c7afec562/artifacts/status","durationMs":23,"userId":"1367db46-71e9-4a61-956f-f4b8ac636882","evidenceId":"8de5d810-393f-498b-93fd-3f2c7afec562","msg":"request.completed"}
[90m[api][0m {"level":30,"time":1790803045085,"service":"api","reqId":"3989a3b7-6827-4baf-ac20-bc14003a4558","requestId":"3989a3b7-6827-4baf-ac20-bc14003a4558","userId":"1367db46-71e9-4a61-956f-f4b8ac636882","evidenceId":"8de5d810-393f-498b-93fd-3f2c7afec562","requestId":"3989a3b7-6827-4baf-ac20-bc14003a4558","statusCode":200,"method":"GET","url":"/v1/evidence/8de5d810-393f-498b-93fd-3f2c7afec562/artifacts/status","durationMs":22,"userId":"1367db46-71e9-4a61-956f-f4b8ac636882","evidenceId":"8de5d810-393f-498b-93fd-3f2c7afec562","msg":"request.completed"}
[90m[api][0m {"level":30,"time":1790803050124,"service":"api","reqId":"f78ea688-be9a-43f4-a6bd-a43ddb42432b","requestId":"f78ea688-be9a-43f4-a6bd-a43ddb42432b","userId":"1367db46-71e9-4a61-956f-f4b8ac636882","evidenceId":"8de5d810-393f-498b-93fd-3f2c7afec562","requestId":"f78ea688-be9a-43f4-a6bd-a43ddb42432b","statusCode":200,"method":"GET","url":"/v1/evidence/8de5d810-393f-498b-93fd-3f2c7afec562/artifacts/status","durationMs":23,"userId":"1367db46-71e9-4a61-956f-f4b8ac636882","evidenceId":"8de5d810-393f-498b-93fd-3f2c7afec562","msg":"request.completed"}
[90m[api][0m {"level":30,"time":1790803055167,"service":"api","reqId":"54b5ca01-cc12-4da9-b89a-f7cc317bd771","requestId":"54b5ca01-cc12-4da9-b89a-f7cc317bd771","userId":"1367db46-71e9-4a61-956f-f4b8ac636882","evidenceId":"8de5d810-393f-498b-93fd-3f2c7afec562","requestId":"54b5ca01-cc12-4da9-b89a-f7cc317bd771","statusCode":200,"method":"GET","url":"/v1/evidence/8de5d810-393f-498b-93fd-3f2c7afec562/artifacts/status","durationMs":28,"userId":"1367db46-71e9-4a61-956f-f4b8ac636882","evidenceId":"8de5d810-393f-498b-93fd-3f2c7afec562","msg":"request.completed"}
[90m[api][0m {"level":30,"time":1790803060203,"service":"api","reqId":"c52b8ea1-4843-4a02-bdf0-2786cad1b75b","requestId":"c52b8ea1-4843-4a02-bdf0-2786cad1b75b","userId":"1367db46-71e9-4a61-956f-f4b8ac636882","evidenceId":"8de5d810-393f-498b-93fd-3f2c7afec562","requestId":"c52b8ea1-4843-4a02-bdf0-2786cad1b75b","statusCode":200,"method":"GET","url":"/v1/evidence/8de5d810-393f-498b-93fd-3f2c7afec562/artifacts/status","durationMs":23,"userId":"1367db46-71e9-4a61-956f-f4b8ac636882","evidenceId":"8de5d810-393f-498b-93fd-3f2c7afec562","msg":"request.completed"}
[90m[api][0m {"level":30,"time":1790803065238,"service":"api","reqId":"71347023-bfa9-4ae6-b663-82836fbcd113","requestId":"71347023-bfa9-4ae6-b663-82836fbcd113","userId":"1367db46-71e9-4a61-956f-f4b8ac636882","evidenceId":"8de5d810-393f-498b-93fd-3f2c7afec562","requestId":"71347023-bfa9-4ae6-b663-82836fbcd113","statusCode":200,"method":"GET","url":"/v1/evidence/8de5d810-393f-498b-93fd-3f2c7afec562/artifacts/status","durationMs":22,"userId":"1367db46-71e9-4a61-956f-f4b8ac636882","evidenceId":"8de5d810-393f-498b-93fd-3f2c7afec562","msg":"request.completed"}
[90m[api][0m {"level":30,"time":1790803070268,"service":"api","reqId":"6f6402af-ede9-4822-95c5-3084e480184a","requestId":"6f6402af-ede9-4822-95c5-3084e480184a","userId":"1367db46-71e9-4a61-956f-f4b8ac636882","evidenceId":"8de5d810-393f-498b-93fd-3f2c7afec562","requestId":"6f6402af-ede9-4822-95c5-3084e480184a","statusCode":200,"method":"GET","url":"/v1/evidence/8de5d810-393f-498b-93fd-3f2c7afec562/artifacts/status","durationMs":23,"userId":"1367db46-71e9-4a61-956f-f4b8ac636882","evidenceId":"8de5d810-393f-498b-93fd-3f2c7afec562","msg":"request.completed"}
[90m[api][0m {"level":30,"time":1790803075296,"service":"api","reqId":"21cea2e7-31dc-429d-92c8-a8e4b5f7c213","requestId":"21cea2e7-31dc-429d-92c8-a8e4b5f7c213","userId":"1367db46-71e9-4a61-956f-f4b8ac636882","evidenceId":"8de5d810-393f-498b-93fd-3f2c7afec562","requestId":"21cea2e7-31dc-429d-92c8-a8e4b5f7c213","statusCode":200,"method":"GET","url":"/v1/evidence/8de5d810-393f-498b-93fd-3f2c7afec562/artifacts/status","durationMs":22,"userId":"1367db46-71e9-4a61-956f-f4b8ac636882","evidenceId":"8de5d810-393f-498b-93fd-3f2c7afec562","msg":"request.completed"}
[90m[api][0m [api:info] billing.dependent_cancellation.sweep_completed {
  subjects: 0,
  attempted: 0,
  confirmed: 0,
  failed: 0,
  escalated: 0,
  conditionsOpened: 0
}
[90m[api][0m {"level":30,"time":1790803080334,"service":"api","reqId":"7e1a990c-fd05-411f-9f2c-ad91de7c523f","requestId":"7e1a990c-fd05-411f-9f2c-ad91de7c523f","userId":"1367db46-71e9-4a61-956f-f4b8ac636882","evidenceId":"8de5d810-393f-498b-93fd-3f2c7afec562","requestId":"7e1a990c-fd05-411f-9f2c-ad91de7c523f","statusCode":200,"method":"GET","url":"/v1/evidence/8de5d810-393f-498b-93fd-3f2c7afec562/artifacts/status","durationMs":23,"userId":"1367db46-71e9-4a61-956f-f4b8ac636882","evidenceId":"8de5d810-393f-498b-93fd-3f2c7afec562","msg":"request.completed"}
[90m[api][0m {"level":30,"time":1790803085360,"service":"api","reqId":"117de159-aa8a-439b-8907-fa80e08be01d","requestId":"117de159-aa8a-439b-8907-fa80e08be01d","userId":"1367db46-71e9-4a61-956f-f4b8ac636882","evidenceId":"8de5d810-393f-498b-93fd-3f2c7afec562","requestId":"117de159-aa8a-439b-8907-fa80e08be01d","statusCode":200,"method":"GET","url":"/v1/evidence/8de5d810-393f-498b-93fd-3f2c7afec562/artifacts/status","durationMs":21,"userId":"1367db46-71e9-4a61-956f-f4b8ac636882","evidenceId":"8de5d810-393f-498b-93fd-3f2c7afec562","msg":"request.completed"}
[90m[api][0m {"level":30,"time":1790803090392,"service":"api","reqId":"0f1a8c64-18b5-42db-a830-a50468d6d4cb","requestId":"0f1a8c64-18b5-42db-a830-a50468d6d4cb","userId":"1367db46-71e9-4a61-956f-f4b8ac636882","evidenceId":"8de5d810-393f-498b-93fd-3f2c7afec562","requestId":"0f1a8c64-18b5-42db-a830-a50468d6d4cb","statusCode":200,"method":"GET","url":"/v1/evidence/8de5d810-393f-498b-93fd-3f2c7afec562/artifacts/status","durationMs":22,"userId":"1367db46-71e9-4a61-956f-f4b8ac636882","evidenceId":"8de5d810-393f-498b-93fd-3f2c7afec562","msg":"request.completed"}
[90m[api][0m {"level":30,"time":1790803095435,"service":"api","reqId":"31f446e4-44f8-469a-a9ba-f2490e2d2f6d","requestId":"31f446e4-44f8-469a-a9ba-f2490e2d2f6d","userId":"1367db46-71e9-4a61-956f-f4b8ac636882","evidenceId":"8de5d810-393f-498b-93fd-3f2c7afec562","requestId":"31f446e4-44f8-469a-a9ba-f2490e2d2f6d","statusCode":200,"method":"GET","url":"/v1/evidence/8de5d810-393f-498b-93fd-3f2c7afec562/artifacts/status","durationMs":28,"userId":"1367db46-71e9-4a61-956f-f4b8ac636882","evidenceId":"8de5d810-393f-498b-93fd-3f2c7afec562","msg":"request.completed"}
[90m[api][0m {"level":30,"time":1790803100460,"service":"api","reqId":"ae4678a8-0f96-42b9-ad8c-a9368259e0fb","requestId":"ae4678a8-0f96-42b9-ad8c-a9368259e0fb","userId":"1367db46-71e9-4a61-956f-f4b8ac636882","evidenceId":"8de5d810-393f-498b-93fd-3f2c7afec562","requestId":"ae4678a8-0f96-42b9-ad8c-a9368259e0fb","statusCode":200,"method":"GET","url":"/v1/evidence/8de5d810-393f-498b-93fd-3f2c7afec562/artifacts/status","durationMs":23,"userId":"1367db46-71e9-4a61-956f-f4b8ac636882","evidenceId":"8de5d810-393f-498b-93fd-3f2c7afec562","msg":"request.completed"}
[90m[api][0m {"level":30,"time":1790803105494,"service":"api","reqId":"7ac8c04f-4f57-40fc-b104-1a1e8dfeaf23","requestId":"7ac8c04f-4f57-40fc-b104-1a1e8dfeaf23","userId":"1367db46-71e9-4a61-956f-f4b8ac636882","evidenceId":"8de5d810-393f-498b-93fd-3f2c7afec562","requestId":"7ac8c04f-4f57-40fc-b104-1a1e8dfeaf23","statusCode":200,"method":"GET","url":"/v1/evidence/8de5d810-393f-498b-93fd-3f2c7afec562/artifacts/status","durationMs":28,"userId":"1367db46-71e9-4a61-956f-f4b8ac636882","evidenceId":"8de5d810-393f-498b-93fd-3f2c7afec562","msg":"request.completed"}
[90m[api][0m {"level":30,"time":1790803110522,"service":"api","reqId":"9adb15ff-71a9-40ec-91cd-d298fc27a823","requestId":"9adb15ff-71a9-40ec-91cd-d298fc27a823","userId":"1367db46-71e9-4a61-956f-f4b8ac636882","evidenceId":"8de5d810-393f-498b-93fd-3f2c7afec562","requestId":"9adb15ff-71a9-40ec-91cd-d298fc27a823","statusCode":200,"method":"GET","url":"/v1/evidence/8de5d810-393f-498b-93fd-3f2c7afec562/artifacts/status","durationMs":21,"userId":"1367db46-71e9-4a61-956f-f4b8ac636882","evidenceId":"8de5d810-393f-498b-93fd-3f2c7afec562","msg":"request.completed"}
[90m[api][0m {"level":30,"time":1790803115548,"service":"api","reqId":"0e764a70-a5c6-4528-a129-29c66e76e184","requestId":"0e764a70-a5c6-4528-a129-29c66e76e184","userId":"1367db46-71e9-4a61-956f-f4b8ac636882","evidenceId":"8de5d810-393f-498b-93fd-3f2c7afec562","requestId":"0e764a70-a5c6-4528-a129-29c66e76e184","statusCode":200,"method":"GET","url":"/v1/evidence/8de5d810-393f-498b-93fd-3f2c7afec562/artifacts/status","durationMs":22,"userId":"1367db46-71e9-4a61-956f-f4b8ac636882","evidenceId":"8de5d810-393f-498b-93fd-3f2c7afec562","msg":"request.completed"}
[90m[api][0m {"level":30,"time":1790803120586,"service":"api","reqId":"f07a8539-3443-492e-9c95-2d63410a4787","requestId":"f07a8539-3443-492e-9c95-2d63410a4787","userId":"1367db46-71e9-4a61-956f-f4b8ac636882","evidenceId":"8de5d810-393f-498b-93fd-3f2c7afec562","requestId":"f07a8539-3443-492e-9c95-2d63410a4787","statusCode":200,"method":"GET","url":"/v1/evidence/8de5d810-393f-498b-93fd-3f2c7afec562/artifacts/status","durationMs":22,"userId":"1367db46-71e9-4a61-956f-f4b8ac636882","evidenceId":"8de5d810-393f-498b-93fd-3f2c7afec562","msg":"request.completed"}
[90m[api][0m {"level":30,"time":1790803125628,"service":"api","reqId":"25cbebba-53f4-45ca-92bb-2c69f50a9c29","requestId":"25cbebba-53f4-45ca-92bb-2c69f50a9c29","userId":"1367db46-71e9-4a61-956f-f4b8ac636882","evidenceId":"8de5d810-393f-498b-93fd-3f2c7afec562","requestId":"25cbebba-53f4-45ca-92bb-2c69f50a9c29","statusCode":200,"method":"GET","url":"/v1/evidence/8de5d810-393f-498b-93fd-3f2c7afec562/artifacts/status","durationMs":28,"userId":"1367db46-71e9-4a61-956f-f4b8ac636882","evidenceId":"8de5d810-393f-498b-93fd-3f2c7afec562","msg":"request.completed"}
[90m[api][0m {"level":30,"time":1790803130659,"service":"api","reqId":"fbe33fe3-8cc4-4352-8014-4b943a4280ab","requestId":"fbe33fe3-8cc4-4352-8014-4b943a4280ab","userId":"1367db46-71e9-4a61-956f-f4b8ac636882","evidenceId":"8de5d810-393f-498b-93fd-3f2c7afec562","requestId":"fbe33fe3-8cc4-4352-8014-4b943a4280ab","statusCode":200,"method":"GET","url":"/v1/evidence/8de5d810-393f-498b-93fd-3f2c7afec562/artifacts/status","durationMs":22,"userId":"1367db46-71e9-4a61-956f-f4b8ac636882","evidenceId":"8de5d810-393f-498b-93fd-3f2c7afec562","msg":"request.completed"}
[90m[api][0m {"level":30,"time":1790803135692,"service":"api","reqId":"ef3a8e3d-7e89-4657-b2fa-d278748586d8","requestId":"ef3a8e3d-7e89-4657-b2fa-d278748586d8","userId":"1367db46-71e9-4a61-956f-f4b8ac636882","evidenceId":"8de5d810-393f-498b-93fd-3f2c7afec562","requestId":"ef3a8e3d-7e89-4657-b2fa-d278748586d8","statusCode":200,"method":"GET","url":"/v1/evidence/8de5d810-393f-498b-93fd-3f2c7afec562/artifacts/status","durationMs":21,"userId":"1367db46-71e9-4a61-956f-f4b8ac636882","evidenceId":"8de5d810-393f-498b-93fd-3f2c7afec562","msg":"request.completed"}
[90m[api][0m [api:info] billing.dependent_cancellation.sweep_completed {
  subjects: 0,
  attempted: 0,
  confirmed: 0,
  failed: 0,
  escalated: 0,
  conditionsOpened: 0
}
[90m[api][0m {"level":30,"time":1790803140714,"service":"api","reqId":"05ab6631-9e80-4f4f-8213-0b0044b18216","requestId":"05ab6631-9e80-4f4f-8213-0b0044b18216","userId":"1367db46-71e9-4a61-956f-f4b8ac636882","evidenceId":"8de5d810-393f-498b-93fd-3f2c7afec562","requestId":"05ab6631-9e80-4f4f-8213-0b0044b18216","statusCode":200,"method":"GET","url":"/v1/evidence/8de5d810-393f-498b-93fd-3f2c7afec562/artifacts/status","durationMs":20,"userId":"1367db46-71e9-4a61-956f-f4b8ac636882","evidenceId":"8de5d810-393f-498b-93fd-3f2c7afec562","msg":"request.completed"}
[90m[api][0m {"level":30,"time":1790803145738,"service":"api","reqId":"5858188f-f739-480b-8111-b6a97f6a6d5c","requestId":"5858188f-f739-480b-8111-b6a97f6a6d5c","userId":"1367db46-71e9-4a61-956f-f4b8ac636882","evidenceId":"8de5d810-393f-498b-93fd-3f2c7afec562","requestId":"5858188f-f739-480b-8111-b6a97f6a6d5c","statusCode":200,"method":"GET","url":"/v1/evidence/8de5d810-393f-498b-93fd-3f2c7afec562/artifacts/status","durationMs":21,"userId":"1367db46-71e9-4a61-956f-f4b8ac636882","evidenceId":"8de5d810-393f-498b-93fd-3f2c7afec562","msg":"request.completed"}
[90m[api][0m {"level":30,"time":1790803150770,"service":"api","reqId":"940ba1fb-b8b1-43ff-b9dc-e784fe8e31b4","requestId":"940ba1fb-b8b1-43ff-b9dc-e784fe8e31b4","userId":"1367db46-71e9-4a61-956f-f4b8ac636882","evidenceId":"8de5d810-393f-498b-93fd-3f2c7afec562","requestId":"940ba1fb-b8b1-43ff-b9dc-e784fe8e31b4","statusCode":200,"method":"GET","url":"/v1/evidence/8de5d810-393f-498b-93fd-3f2c7afec562/artifacts/status","durationMs":29,"userId":"1367db46-71e9-4a61-956f-f4b8ac636882","evidenceId":"8de5d810-393f-498b-93fd-3f2c7afec562","msg":"request.completed"}
[90m[api][0m {"level":30,"time":1790803155797,"service":"api","reqId":"6359df92-7a6f-49fb-8a6f-15b6bbbebc72","requestId":"6359df92-7a6f-49fb-8a6f-15b6bbbebc72","userId":"1367db46-71e9-4a61-956f-f4b8ac636882","evidenceId":"8de5d810-393f-498b-93fd-3f2c7afec562","requestId":"6359df92-7a6f-49fb-8a6f-15b6bbbebc72","statusCode":200,"method":"GET","url":"/v1/evidence/8de5d810-393f-498b-93fd-3f2c7afec562/artifacts/status","durationMs":21,"userId":"1367db46-71e9-4a61-956f-f4b8ac636882","evidenceId":"8de5d810-393f-498b-93fd-3f2c7afec562","msg":"request.completed"}
[90m[api][0m {"level":30,"time":1790803160822,"service":"api","reqId":"9f7ba9f6-5050-4edb-9476-1c17f2fc5bd5","requestId":"9f7ba9f6-5050-4edb-9476-1c17f2fc5bd5","userId":"1367db46-71e9-4a61-956f-f4b8ac636882","evidenceId":"8de5d810-393f-498b-93fd-3f2c7afec562","requestId":"9f7ba9f6-5050-4edb-9476-1c17f2fc5bd5","statusCode":200,"method":"GET","url":"/v1/evidence/8de5d810-393f-498b-93fd-3f2c7afec562/artifacts/status","durationMs":22,"userId":"1367db46-71e9-4a61-956f-f4b8ac636882","evidenceId":"8de5d810-393f-498b-93fd-3f2c7afec562","msg":"request.completed"}
[90m[api][0m {"level":30,"time":1790803165853,"service":"api","reqId":"7d63883c-a55d-4a99-9c5b-291e5e6f5d66","requestId":"7d63883c-a55d-4a99-9c5b-291e5e6f5d66","userId":"1367db46-71e9-4a61-956f-f4b8ac636882","evidenceId":"8de5d810-393f-498b-93fd-3f2c7afec562","requestId":"7d63883c-a55d-4a99-9c5b-291e5e6f5d66","statusCode":200,"method":"GET","url":"/v1/evidence/8de5d810-393f-498b-93fd-3f2c7afec562/artifacts/status","durationMs":21,"userId":"1367db46-71e9-4a61-956f-f4b8ac636882","evidenceId":"8de5d810-393f-498b-93fd-3f2c7afec562","msg":"request.completed"}
[90m[api][0m {"level":30,"time":1790803170885,"service":"api","reqId":"9931bb1b-3531-4ed4-ac6c-49ac78d302f7","requestId":"9931bb1b-3531-4ed4-ac6c-49ac78d302f7","userId":"1367db46-71e9-4a61-956f-f4b8ac636882","evidenceId":"8de5d810-393f-498b-93fd-3f2c7afec562","requestId":"9931bb1b-3531-4ed4-ac6c-49ac78d302f7","statusCode":200,"method":"GET","url":"/v1/evidence/8de5d810-393f-498b-93fd-3f2c7afec562/artifacts/status","durationMs":20,"userId":"1367db46-71e9-4a61-956f-f4b8ac636882","evidenceId":"8de5d810-393f-498b-93fd-3f2c7afec562","msg":"request.completed"}
[90m[api][0m {"level":30,"time":1790803175911,"service":"api","reqId":"422fcdd6-adc2-48f9-bade-0259c4785c22","requestId":"422fcdd6-adc2-48f9-bade-0259c4785c22","userId":"1367db46-71e9-4a61-956f-f4b8ac636882","evidenceId":"8de5d810-393f-498b-93fd-3f2c7afec562","requestId":"422fcdd6-adc2-48f9-bade-0259c4785c22","statusCode":200,"method":"GET","url":"/v1/evidence/8de5d810-393f-498b-93fd-3f2c7afec562/artifacts/status","durationMs":23,"userId":"1367db46-71e9-4a61-956f-f4b8ac636882","evidenceId":"8de5d810-393f-498b-93fd-3f2c7afec562","msg":"request.completed"}
[90m[api][0m {"level":30,"time":1790803180942,"service":"api","reqId":"a6cccdb5-a472-4a50-9de5-bd6e5fdc429e","requestId":"a6cccdb5-a472-4a50-9de5-bd6e5fdc429e","userId":"1367db46-71e9-4a61-956f-f4b8ac636882","evidenceId":"8de5d810-393f-498b-93fd-3f2c7afec562","requestId":"a6cccdb5-a472-4a50-9de5-bd6e5fdc429e","statusCode":200,"method":"GET","url":"/v1/evidence/8de5d810-393f-498b-93fd-3f2c7afec562/artifacts/status","durationMs":22,"userId":"1367db46-71e9-4a61-956f-f4b8ac636882","evidenceId":"8de5d810-393f-498b-93fd-3f2c7afec562","msg":"request.completed"}
[90m[api][0m {"level":30,"time":1790803185970,"service":"api","reqId":"9b8bdf05-077b-4d34-951c-3753c63a736c","requestId":"9b8bdf05-077b-4d34-951c-3753c63a736c","userId":"1367db46-71e9-4a61-956f-f4b8ac636882","evidenceId":"8de5d810-393f-498b-93fd-3f2c7afec562","requestId":"9b8bdf05-077b-4d34-951c-3753c63a736c","statusCode":200,"method":"GET","url":"/v1/evidence/8de5d810-393f-498b-93fd-3f2c7afec562/artifacts/status","durationMs":22,"userId":"1367db46-71e9-4a61-956f-f4b8ac636882","evidenceId":"8de5d810-393f-498b-93fd-3f2c7afec562","msg":"request.completed"}
[90m[api][0m {"level":30,"time":1790803191004,"service":"api","reqId":"6cd0ce53-93dd-49be-a71e-ac2d13b0adf7","requestId":"6cd0ce53-93dd-49be-a71e-ac2d13b0adf7","userId":"1367db46-71e9-4a61-956f-f4b8ac636882","evidenceId":"8de5d810-393f-498b-93fd-3f2c7afec562","requestId":"6cd0ce53-93dd-49be-a71e-ac2d13b0adf7","statusCode":200,"method":"GET","url":"/v1/evidence/8de5d810-393f-498b-93fd-3f2c7afec562/artifacts/status","durationMs":21,"userId":"1367db46-71e9-4a61-956f-f4b8ac636882","evidenceId":"8de5d810-393f-498b-93fd-3f2c7afec562","msg":"request.completed"}
[90m[api][0m {"level":30,"time":1790803196031,"service":"api","reqId":"9cea4773-514c-46e1-9a61-b7703e37b394","requestId":"9cea4773-514c-46e1-9a61-b7703e37b394","userId":"1367db46-71e9-4a61-956f-f4b8ac636882","evidenceId":"8de5d810-393f-498b-93fd-3f2c7afec562","requestId":"9cea4773-514c-46e1-9a61-b7703e37b394","statusCode":200,"method":"GET","url":"/v1/evidence/8de5d810-393f-498b-93fd-3f2c7afec562/artifacts/status","durationMs":23,"userId":"1367db46-71e9-4a61-956f-f4b8ac636882","evidenceId":"8de5d810-393f-498b-93fd-3f2c7afec562","msg":"request.completed"}
[90m[api][0m [api:info] billing.dependent_cancellation.sweep_completed {
  subjects: 0,
  attempted: 0,
  confirmed: 0,
  failed: 0,
  escalated: 0,
  conditionsOpened: 0
}
[90m[api][0m {"level":30,"time":1790803201071,"service":"api","reqId":"65a8a2d2-26ea-4c73-a941-693c7fa7eb85","requestId":"65a8a2d2-26ea-4c73-a941-693c7fa7eb85","userId":"1367db46-71e9-4a61-956f-f4b8ac636882","evidenceId":"8de5d810-393f-498b-93fd-3f2c7afec562","requestId":"65a8a2d2-26ea-4c73-a941-693c7fa7eb85","statusCode":200,"method":"GET","url":"/v1/evidence/8de5d810-393f-498b-93fd-3f2c7afec562/artifacts/status","durationMs":27,"userId":"1367db46-71e9-4a61-956f-f4b8ac636882","evidenceId":"8de5d810-393f-498b-93fd-3f2c7afec562","msg":"request.completed"}
[90m[api][0m {"level":30,"time":1790803206100,"service":"api","reqId":"8ff75b0f-badb-42b1-a97d-2b77dcb429f2","requestId":"8ff75b0f-badb-42b1-a97d-2b77dcb429f2","userId":"1367db46-71e9-4a61-956f-f4b8ac636882","evidenceId":"8de5d810-393f-498b-93fd-3f2c7afec562","requestId":"8ff75b0f-badb-42b1-a97d-2b77dcb429f2","statusCode":200,"method":"GET","url":"/v1/evidence/8de5d810-393f-498b-93fd-3f2c7afec562/artifacts/status","durationMs":22,"userId":"1367db46-71e9-4a61-956f-f4b8ac636882","evidenceId":"8de5d810-393f-498b-93fd-3f2c7afec562","msg":"request.completed"}
[90m[api][0m {"level":30,"time":1790803211130,"service":"api","reqId":"3ca4a444-fb08-47d3-9851-f99ada8ab7b3","requestId":"3ca4a444-fb08-47d3-9851-f99ada8ab7b3","userId":"1367db46-71e9-4a61-956f-f4b8ac636882","evidenceId":"8de5d810-393f-498b-93fd-3f2c7afec562","requestId":"3ca4a444-fb08-47d3-9851-f99ada8ab7b3","statusCode":200,"method":"GET","url":"/v1/evidence/8de5d810-393f-498b-93fd-3f2c7afec562/artifacts/status","durationMs":22,"userId":"1367db46-71e9-4a61-956f-f4b8ac636882","evidenceId":"8de5d810-393f-498b-93fd-3f2c7afec562","msg":"request.completed"}
[90m[api][0m {"level":30,"time":1790803216166,"service":"api","reqId":"c4ecf840-5313-4e6b-9ece-50a77a7a594a","requestId":"c4ecf840-5313-4e6b-9ece-50a77a7a594a","userId":"1367db46-71e9-4a61-956f-f4b8ac636882","evidenceId":"8de5d810-393f-498b-93fd-3f2c7afec562","requestId":"c4ecf840-5313-4e6b-9ece-50a77a7a594a","statusCode":200,"method":"GET","url":"/v1/evidence/8de5d810-393f-498b-93fd-3f2c7afec562/artifacts/status","durationMs":23,"userId":"1367db46-71e9-4a61-956f-f4b8ac636882","evidenceId":"8de5d810-393f-498b-93fd-3f2c7afec562","msg":"request.completed"}
[90m[api][0m {"level":30,"time":1790803221208,"service":"api","reqId":"9300bf65-094f-4cdf-ab2a-d2171cd50459","requestId":"9300bf65-094f-4cdf-ab2a-d2171cd50459","userId":"1367db46-71e9-4a61-956f-f4b8ac636882","evidenceId":"8de5d810-393f-498b-93fd-3f2c7afec562","requestId":"9300bf65-094f-4cdf-ab2a-d2171cd50459","statusCode":200,"method":"GET","url":"/v1/evidence/8de5d810-393f-498b-93fd-3f2c7afec562/artifacts/status","durationMs":28,"userId":"1367db46-71e9-4a61-956f-f4b8ac636882","evidenceId":"8de5d810-393f-498b-93fd-3f2c7afec562","msg":"request.completed"}
[90m[api][0m {"level":30,"time":1790803226231,"service":"api","reqId":"bb1a8701-0b51-4ac8-a2fd-a17ff7bca872","requestId":"bb1a8701-0b51-4ac8-a2fd-a17ff7bca872","userId":"1367db46-71e9-4a61-956f-f4b8ac636882","evidenceId":"8de5d810-393f-498b-93fd-3f2c7afec562","requestId":"bb1a8701-0b51-4ac8-a2fd-a17ff7bca872","statusCode":200,"method":"GET","url":"/v1/evidence/8de5d810-393f-498b-93fd-3f2c7afec562/artifacts/status","durationMs":22,"userId":"1367db46-71e9-4a61-956f-f4b8ac636882","evidenceId":"8de5d810-393f-498b-93fd-3f2c7afec562","msg":"request.completed"}
[90m[api][0m {"level":30,"time":1790803231268,"service":"api","reqId":"a2dbfb86-68ff-4fed-94eb-835b294a4275","requestId":"a2dbfb86-68ff-4fed-94eb-835b294a4275","userId":"1367db46-71e9-4a61-956f-f4b8ac636882","evidenceId":"8de5d810-393f-498b-93fd-3f2c7afec562","requestId":"a2dbfb86-68ff-4fed-94eb-835b294a4275","statusCode":200,"method":"GET","url":"/v1/evidence/8de5d810-393f-498b-93fd-3f2c7afec562/artifacts/status","durationMs":22,"userId":"1367db46-71e9-4a61-956f-f4b8ac636882","evidenceId":"8de5d810-393f-498b-93fd-3f2c7afec562","msg":"request.completed"}
[90m[api][0m {"level":30,"time":1790803236300,"service":"api","reqId":"695e89a4-380b-4733-b661-2f770eb77ebd","requestId":"695e89a4-380b-4733-b661-2f770eb77ebd","userId":"1367db46-71e9-4a61-956f-f4b8ac636882","evidenceId":"8de5d810-393f-498b-93fd-3f2c7afec562","requestId":"695e89a4-380b-4733-b661-2f770eb77ebd","statusCode":200,"method":"GET","url":"/v1/evidence/8de5d810-393f-498b-93fd-3f2c7afec562/artifacts/status","durationMs":28,"userId":"1367db46-71e9-4a61-956f-f4b8ac636882","evidenceId":"8de5d810-393f-498b-93fd-3f2c7afec562","msg":"request.completed"}
[90m[api][0m {"level":30,"time":1790803241326,"service":"api","reqId":"6b8bfb5a-2a75-471f-95c8-8e12b624d13d","requestId":"6b8bfb5a-2a75-471f-95c8-8e12b624d13d","userId":"1367db46-71e9-4a61-956f-f4b8ac636882","evidenceId":"8de5d810-393f-498b-93fd-3f2c7afec562","requestId":"6b8bfb5a-2a75-471f-95c8-8e12b624d13d","statusCode":200,"method":"GET","url":"/v1/evidence/8de5d810-393f-498b-93fd-3f2c7afec562/artifacts/status","durationMs":21,"userId":"1367db46-71e9-4a61-956f-f4b8ac636882","evidenceId":"8de5d810-393f-498b-93fd-3f2c7afec562","msg":"request.completed"}
[90m[api][0m {"level":30,"time":1790803246361,"service":"api","reqId":"a1eb7d9b-a957-4fdf-92a6-18f25d616cfa","requestId":"a1eb7d9b-a957-4fdf-92a6-18f25d616cfa","userId":"1367db46-71e9-4a61-956f-f4b8ac636882","evidenceId":"8de5d810-393f-498b-93fd-3f2c7afec562","requestId":"a1eb7d9b-a957-4fdf-92a6-18f25d616cfa","statusCode":200,"method":"GET","url":"/v1/evidence/8de5d810-393f-498b-93fd-3f2c7afec562/artifacts/status","durationMs":21,"userId":"1367db46-71e9-4a61-956f-f4b8ac636882","evidenceId":"8de5d810-393f-498b-93fd-3f2c7afec562","msg":"request.completed"}
[90m[api][0m {"level":30,"time":1790803251393,"service":"api","reqId":"faf21876-ad41-41a5-b05d-475c47c34247","requestId":"faf21876-ad41-41a5-b05d-475c47c34247","userId":"1367db46-71e9-4a61-956f-f4b8ac636882","evidenceId":"8de5d810-393f-498b-93fd-3f2c7afec562","requestId":"faf21876-ad41-41a5-b05d-475c47c34247","statusCode":200,"method":"GET","url":"/v1/evidence/8de5d810-393f-498b-93fd-3f2c7afec562/artifacts/status","durationMs":20,"userId":"1367db46-71e9-4a61-956f-f4b8ac636882","evidenceId":"8de5d810-393f-498b-93fd-3f2c7afec562","msg":"request.completed"}
[90m[api][0m {"level":30,"time":1790803256431,"service":"api","reqId":"163cc899-2ee5-4d9a-87e0-04e4fc26ee53","requestId":"163cc899-2ee5-4d9a-87e0-04e4fc26ee53","userId":"1367db46-71e9-4a61-956f-f4b8ac636882","evidenceId":"8de5d810-393f-498b-93fd-3f2c7afec562","requestId":"163cc899-2ee5-4d9a-87e0-04e4fc26ee53","statusCode":200,"method":"GET","url":"/v1/evidence/8de5d810-393f-498b-93fd-3f2c7afec562/artifacts/status","durationMs":28,"userId":"1367db46-71e9-4a61-956f-f4b8ac636882","evidenceId":"8de5d810-393f-498b-93fd-3f2c7afec562","msg":"request.completed"}
[90m[api][0m [api:info] billing.dependent_cancellation.sweep_completed {
  subjects: 0,
  attempted: 0,
  confirmed: 0,
  failed: 0,
  escalated: 0,
  conditionsOpened: 0
}
[90m[api][0m {"level":30,"time":1790803261462,"service":"api","reqId":"f0f14edb-6ac1-4832-b7cb-b2d060be74fb","requestId":"f0f14edb-6ac1-4832-b7cb-b2d060be74fb","userId":"1367db46-71e9-4a61-956f-f4b8ac636882","evidenceId":"8de5d810-393f-498b-93fd-3f2c7afec562","requestId":"f0f14edb-6ac1-4832-b7cb-b2d060be74fb","statusCode":200,"method":"GET","url":"/v1/evidence/8de5d810-393f-498b-93fd-3f2c7afec562/artifacts/status","durationMs":24,"userId":"1367db46-71e9-4a61-956f-f4b8ac636882","evidenceId":"8de5d810-393f-498b-93fd-3f2c7afec562","msg":"request.completed"}
[90m[api][0m {"level":30,"time":1790803266499,"service":"api","reqId":"2e4cb6e7-5d4a-4a5d-abc3-c391bbe8c4bf","requestId":"2e4cb6e7-5d4a-4a5d-abc3-c391bbe8c4bf","userId":"1367db46-71e9-4a61-956f-f4b8ac636882","evidenceId":"8de5d810-393f-498b-93fd-3f2c7afec562","requestId":"2e4cb6e7-5d4a-4a5d-abc3-c391bbe8c4bf","statusCode":200,"method":"GET","url":"/v1/evidence/8de5d810-393f-498b-93fd-3f2c7afec562/artifacts/status","durationMs":21,"userId":"1367db46-71e9-4a61-956f-f4b8ac636882","evidenceId":"8de5d810-393f-498b-93fd-3f2c7afec562","msg":"request.completed"}
[90m[api][0m {"level":30,"time":1790803271530,"service":"api","reqId":"10b5a7b3-74ec-4ab4-a0c1-938f8cecac2c","requestId":"10b5a7b3-74ec-4ab4-a0c1-938f8cecac2c","userId":"1367db46-71e9-4a61-956f-f4b8ac636882","evidenceId":"8de5d810-393f-498b-93fd-3f2c7afec562","requestId":"10b5a7b3-74ec-4ab4-a0c1-938f8cecac2c","statusCode":200,"method":"GET","url":"/v1/evidence/8de5d810-393f-498b-93fd-3f2c7afec562/artifacts/status","durationMs":21,"userId":"1367db46-71e9-4a61-956f-f4b8ac636882","evidenceId":"8de5d810-393f-498b-93fd-3f2c7afec562","msg":"request.completed"}
[90m[api][0m {"level":40,"time":1790803276571,"service":"api","reqId":"e211616e-778d-4f67-8556-c6d9e619ac7a","requestId":"e211616e-778d-4f67-8556-c6d9e619ac7a","userId":"1367db46-71e9-4a61-956f-f4b8ac636882","evidenceId":"8de5d810-393f-498b-93fd-3f2c7afec562","requestId":"e211616e-778d-4f67-8556-c6d9e619ac7a","statusCode":404,"method":"GET","url":"/v1/evidence/8de5d810-393f-498b-93fd-3f2c7afec562/report/latest","durationMs":35,"userId":"1367db46-71e9-4a61-956f-f4b8ac636882","evidenceId":"8de5d810-393f-498b-93fd-3f2c7afec562","msg":"request.completed.business_error"}
[90m[api][0m {"level":40,"time":1790803276580,"service":"api","reqId":"2fcdf272-ee91-4cd3-90fd-3398fdb84d45","requestId":"2fcdf272-ee91-4cd3-90fd-3398fdb84d45","userId":"1367db46-71e9-4a61-956f-f4b8ac636882","requestId":"2fcdf272-ee91-4cd3-90fd-3398fdb84d45","statusCode":401,"method":"POST","url":"/v1/evidence/8de5d810-393f-498b-93fd-3f2c7afec562/verify-links","durationMs":7,"userId":"1367db46-71e9-4a61-956f-f4b8ac636882","msg":"request.completed.business_error"}
[90m[api][0m {"level":30,"time":1790803276598,"service":"api","reqId":"3664dd70-8e13-4be2-85fc-037e9035a5ad","requestId":"3664dd70-8e13-4be2-85fc-037e9035a5ad","userId":"1367db46-71e9-4a61-956f-f4b8ac636882","requestId":"3664dd70-8e13-4be2-85fc-037e9035a5ad","statusCode":200,"method":"POST","url":"/v1/identity-security/step-up/start","durationMs":17,"userId":"1367db46-71e9-4a61-956f-f4b8ac636882","msg":"request.completed"}
[90m[api][0m {"level":30,"time":1790803276617,"service":"api","reqId":"1a88249d-9b17-462e-8404-00908156731f","requestId":"1a88249d-9b17-462e-8404-00908156731f","userId":"1367db46-71e9-4a61-956f-f4b8ac636882","requestId":"1a88249d-9b17-462e-8404-00908156731f","statusCode":200,"method":"POST","url":"/v1/identity-security/step-up/check","durationMs":18,"userId":"1367db46-71e9-4a61-956f-f4b8ac636882","msg":"request.completed"}
[90m[api][0m {"level":30,"time":1790803276651,"service":"api","reqId":"e8511db5-1eb7-439b-b8b4-e3b4e5618a5f","requestId":"e8511db5-1eb7-439b-b8b4-e3b4e5618a5f","userId":"1367db46-71e9-4a61-956f-f4b8ac636882","requestId":"e8511db5-1eb7-439b-b8b4-e3b4e5618a5f","statusCode":201,"method":"POST","url":"/v1/evidence/8de5d810-393f-498b-93fd-3f2c7afec562/verify-links","durationMs":33,"userId":"1367db46-71e9-4a61-956f-f4b8ac636882","msg":"request.completed"}
[90m[api][0m {"level":30,"time":1790803276674,"service":"api","reqId":"6b874901-bb4e-4406-af9a-b2dd3b6a75aa","requestId":"6b874901-bb4e-4406-af9a-b2dd3b6a75aa","evidenceId":"8de5d810-393f-498b-93fd-3f2c7afec562","evidenceId":"8de5d810-393f-498b-93fd-3f2c7afec562","reason":"default_redacted","redacted":["submittedByEmail","workspaceName","organizationName"],"msg":"public_verify.identity_redacted"}
[90m[api][0m {"level":30,"time":1790803276708,"service":"api","reqId":"6b874901-bb4e-4406-af9a-b2dd3b6a75aa","requestId":"6b874901-bb4e-4406-af9a-b2dd3b6a75aa","evidenceId":"8de5d810-393f-498b-93fd-3f2c7afec562","requestId":"6b874901-bb4e-4406-af9a-b2dd3b6a75aa","statusCode":200,"method":"GET","url":"/public/verify/pvs_<redacted>","durationMs":57,"evidenceId":"8de5d810-393f-498b-93fd-3f2c7afec562","msg":"request.completed"}
[90m[api][0m {"level":40,"time":1790803277432,"service":"api","reqId":"c94bf649-fec8-48b3-985b-71c82b0f4e96","requestId":"c94bf649-fec8-48b3-985b-71c82b0f4e96","userId":"1367db46-71e9-4a61-956f-f4b8ac636882","requestId":"c94bf649-fec8-48b3-985b-71c82b0f4e96","method":"POST","url":"/v1/evidence/8de5d810-393f-498b-93fd-3f2c7afec562/derived-review/generate","userId":"1367db46-71e9-4a61-956f-f4b8ac636882","errorCode":"INVALID_INPUT","statusCode":400,"zodIssueCount":1,"zodFields":[{"path":"teamId","code":"invalid_type","message":"Invalid input: expected string, received undefined"}],"msg":"request.failed.validation"}
[90m[api][0m {"level":40,"time":1790803277432,"service":"api","reqId":"c94bf649-fec8-48b3-985b-71c82b0f4e96","requestId":"c94bf649-fec8-48b3-985b-71c82b0f4e96","userId":"1367db46-71e9-4a61-956f-f4b8ac636882","requestId":"c94bf649-fec8-48b3-985b-71c82b0f4e96","statusCode":400,"method":"POST","url":"/v1/evidence/8de5d810-393f-498b-93fd-3f2c7afec562/derived-review/generate","durationMs":6,"userId":"1367db46-71e9-4a61-956f-f4b8ac636882","msg":"request.completed.business_error"}
[90m[api][0m {"level":40,"time":1790803282442,"service":"api","reqId":"e52626d2-b124-4560-9113-6563922d31d5","requestId":"e52626d2-b124-4560-9113-6563922d31d5","userId":"1367db46-71e9-4a61-956f-f4b8ac636882","requestId":"e52626d2-b124-4560-9113-6563922d31d5","method":"GET","url":"/v1/evidence/8de5d810-393f-498b-93fd-3f2c7afec562/derived-review","userId":"1367db46-71e9-4a61-956f-f4b8ac636882","errorCode":"INVALID_INPUT","statusCode":400,"zodIssueCount":1,"zodFields":[{"path":"teamId","code":"invalid_type","message":"Invalid input: expected string, received undefined"}],"msg":"request.failed.validation"}
[90m[api][0m {"level":40,"time":1790803282442,"service":"api","reqId":"e52626d2-b124-4560-9113-6563922d31d5","requestId":"e52626d2-b124-4560-9113-6563922d31d5","userId":"1367db46-71e9-4a61-956f-f4b8ac636882","requestId":"e52626d2-b124-4560-9113-6563922d31d5","statusCode":400,"method":"GET","url":"/v1/evidence/8de5d810-393f-498b-93fd-3f2c7afec562/derived-review","durationMs":4,"userId":"1367db46-71e9-4a61-956f-f4b8ac636882","msg":"request.completed.business_error"}
[90m[api][0m {"level":40,"time":1790803287459,"service":"api","reqId":"aa03e400-8b38-4b8b-bc4a-31f0a9ef9884","requestId":"aa03e400-8b38-4b8b-bc4a-31f0a9ef9884","userId":"1367db46-71e9-4a61-956f-f4b8ac636882","requestId":"aa03e400-8b38-4b8b-bc4a-31f0a9ef9884","method":"GET","url":"/v1/evidence/8de5d810-393f-498b-93fd-3f2c7afec562/derived-review","userId":"1367db46-71e9-4a61-956f-f4b8ac636882","errorCode":"INVALID_INPUT","statusCode":400,"zodIssueCount":1,"zodFields":[{"path":"teamId","code":"invalid_type","message":"Invalid input: expected string, received undefined"}],"msg":"request.failed.validation"}
[90m[api][0m {"level":40,"time":1790803287460,"service":"api","reqId":"aa03e400-8b38-4b8b-bc4a-31f0a9ef9884","requestId":"aa03e400-8b38-4b8b-bc4a-31f0a9ef9884","userId":"1367db46-71e9-4a61-956f-f4b8ac636882","requestId":"aa03e400-8b38-4b8b-bc4a-31f0a9ef9884","statusCode":400,"method":"GET","url":"/v1/evidence/8de5d810-393f-498b-93fd-3f2c7afec562/derived-review","durationMs":5,"userId":"1367db46-71e9-4a61-956f-f4b8ac636882","msg":"request.completed.business_error"}
[90m[api][0m {"level":40,"time":1790803292472,"service":"api","reqId":"1b6224c6-9c44-4938-a1cd-10a490601ad8","requestId":"1b6224c6-9c44-4938-a1cd-10a490601ad8","userId":"1367db46-71e9-4a61-956f-f4b8ac636882","requestId":"1b6224c6-9c44-4938-a1cd-10a490601ad8","method":"GET","url":"/v1/evidence/8de5d810-393f-498b-93fd-3f2c7afec562/derived-review","userId":"1367db46-71e9-4a61-956f-f4b8ac636882","errorCode":"INVALID_INPUT","statusCode":400,"zodIssueCount":1,"zodFields":[{"path":"teamId","code":"invalid_type","message":"Invalid input: expected string, received undefined"}],"msg":"request.failed.validation"}
[90m[api][0m {"level":40,"time":1790803292472,"service":"api","reqId":"1b6224c6-9c44-4938-a1cd-10a490601ad8","requestId":"1b6224c6-9c44-4938-a1cd-10a490601ad8","userId":"1367db46-71e9-4a61-956f-f4b8ac636882","requestId":"1b6224c6-9c44-4938-a1cd-10a490601ad8","statusCode":400,"method":"GET","url":"/v1/evidence/8de5d810-393f-498b-93fd-3f2c7afec562/derived-review","durationMs":4,"userId":"1367db46-71e9-4a61-956f-f4b8ac636882","msg":"request.completed.business_error"}
[90m[api][0m {"level":40,"time":1790803297490,"service":"api","reqId":"2ab561c4-ff94-4517-a6d3-52ce1b93414b","requestId":"2ab561c4-ff94-4517-a6d3-52ce1b93414b","userId":"1367db46-71e9-4a61-956f-f4b8ac636882","requestId":"2ab561c4-ff94-4517-a6d3-52ce1b93414b","method":"GET","url":"/v1/evidence/8de5d810-393f-498b-93fd-3f2c7afec562/derived-review","userId":"1367db46-71e9-4a61-956f-f4b8ac636882","errorCode":"INVALID_INPUT","statusCode":400,"zodIssueCount":1,"zodFields":[{"path":"teamId","code":"invalid_type","message":"Invalid input: expected string, received undefined"}],"msg":"request.failed.validation"}
[90m[api][0m {"level":40,"time":1790803297490,"service":"api","reqId":"2ab561c4-ff94-4517-a6d3-52ce1b93414b","requestId":"2ab561c4-ff94-4517-a6d3-52ce1b93414b","userId":"1367db46-71e9-4a61-956f-f4b8ac636882","requestId":"2ab561c4-ff94-4517-a6d3-52ce1b93414b","statusCode":400,"method":"GET","url":"/v1/evidence/8de5d810-393f-498b-93fd-3f2c7afec562/derived-review","durationMs":4,"userId":"1367db46-71e9-4a61-956f-f4b8ac636882","msg":"request.completed.business_error"}
[90m[api][0m {"level":40,"time":1790803302509,"service":"api","reqId":"99e86eab-d683-47e1-aa36-86b2a581478e","requestId":"99e86eab-d683-47e1-aa36-86b2a581478e","userId":"1367db46-71e9-4a61-956f-f4b8ac636882","requestId":"99e86eab-d683-47e1-aa36-86b2a581478e","method":"GET","url":"/v1/evidence/8de5d810-393f-498b-93fd-3f2c7afec562/derived-review","userId":"1367db46-71e9-4a61-956f-f4b8ac636882","errorCode":"INVALID_INPUT","statusCode":400,"zodIssueCount":1,"zodFields":[{"path":"teamId","code":"invalid_type","message":"Invalid input: expected string, received undefined"}],"msg":"request.failed.validation"}
[90m[api][0m {"level":40,"time":1790803302509,"service":"api","reqId":"99e86eab-d683-47e1-aa36-86b2a581478e","requestId":"99e86eab-d683-47e1-aa36-86b2a581478e","userId":"1367db46-71e9-4a61-956f-f4b8ac636882","requestId":"99e86eab-d683-47e1-aa36-86b2a581478e","statusCode":400,"method":"GET","url":"/v1/evidence/8de5d810-393f-498b-93fd-3f2c7afec562/derived-review","durationMs":3,"userId":"1367db46-71e9-4a61-956f-f4b8ac636882","msg":"request.completed.business_error"}
[90m[api][0m {"level":40,"time":1790803307517,"service":"api","reqId":"fd994f0a-ab78-4bd5-b0a9-36c7522a39e4","requestId":"fd994f0a-ab78-4bd5-b0a9-36c7522a39e4","userId":"1367db46-71e9-4a61-956f-f4b8ac636882","requestId":"fd994f0a-ab78-4bd5-b0a9-36c7522a39e4","method":"GET","url":"/v1/evidence/8de5d810-393f-498b-93fd-3f2c7afec562/derived-review","userId":"1367db46-71e9-4a61-956f-f4b8ac636882","errorCode":"INVALID_INPUT","statusCode":400,"zodIssueCount":1,"zodFields":[{"path":"teamId","code":"invalid_type","message":"Invalid input: expected string, received undefined"}],"msg":"request.failed.validation"}
[90m[api][0m {"level":40,"time":1790803307518,"service":"api","reqId":"fd994f0a-ab78-4bd5-b0a9-36c7522a39e4","requestId":"fd994f0a-ab78-4bd5-b0a9-36c7522a39e4","userId":"1367db46-71e9-4a61-956f-f4b8ac636882","requestId":"fd994f0a-ab78-4bd5-b0a9-36c7522a39e4","statusCode":400,"method":"GET","url":"/v1/evidence/8de5d810-393f-498b-93fd-3f2c7afec562/derived-review","durationMs":4,"userId":"1367db46-71e9-4a61-956f-f4b8ac636882","msg":"request.completed.business_error"}
[90m[api][0m {"level":40,"time":1790803312527,"service":"api","reqId":"34e8e6e6-72db-43a8-9724-92e584e5af96","requestId":"34e8e6e6-72db-43a8-9724-92e584e5af96","userId":"1367db46-71e9-4a61-956f-f4b8ac636882","requestId":"34e8e6e6-72db-43a8-9724-92e584e5af96","method":"GET","url":"/v1/evidence/8de5d810-393f-498b-93fd-3f2c7afec562/derived-review","userId":"1367db46-71e9-4a61-956f-f4b8ac636882","errorCode":"INVALID_INPUT","statusCode":400,"zodIssueCount":1,"zodFields":[{"path":"teamId","code":"invalid_type","message":"Invalid input: expected string, received undefined"}],"msg":"request.failed.validation"}
[90m[api][0m {"level":40,"time":1790803312528,"service":"api","reqId":"34e8e6e6-72db-43a8-9724-92e584e5af96","requestId":"34e8e6e6-72db-43a8-9724-92e584e5af96","userId":"1367db46-71e9-4a61-956f-f4b8ac636882","requestId":"34e8e6e6-72db-43a8-9724-92e584e5af96","statusCode":400,"method":"GET","url":"/v1/evidence/8de5d810-393f-498b-93fd-3f2c7afec562/derived-review","durationMs":5,"userId":"1367db46-71e9-4a61-956f-f4b8ac636882","msg":"request.completed.business_error"}
[90m[api][0m [api:info] billing.dependent_cancellation.sweep_completed {
  subjects: 0,
  attempted: 0,
  confirmed: 0,
  failed: 0,
  escalated: 0,
  conditionsOpened: 0
}
[90m[api][0m {"level":40,"time":1790803317547,"service":"api","reqId":"fd5d2ae2-7528-4cef-8611-629730ad53cf","requestId":"fd5d2ae2-7528-4cef-8611-629730ad53cf","userId":"1367db46-71e9-4a61-956f-f4b8ac636882","requestId":"fd5d2ae2-7528-4cef-8611-629730ad53cf","method":"GET","url":"/v1/evidence/8de5d810-393f-498b-93fd-3f2c7afec562/derived-review","userId":"1367db46-71e9-4a61-956f-f4b8ac636882","errorCode":"INVALID_INPUT","statusCode":400,"zodIssueCount":1,"zodFields":[{"path":"teamId","code":"invalid_type","message":"Invalid input: expected string, received undefined"}],"msg":"request.failed.validation"}
[90m[api][0m {"level":40,"time":1790803317548,"service":"api","reqId":"fd5d2ae2-7528-4cef-8611-629730ad53cf","requestId":"fd5d2ae2-7528-4cef-8611-629730ad53cf","userId":"1367db46-71e9-4a61-956f-f4b8ac636882","requestId":"fd5d2ae2-7528-4cef-8611-629730ad53cf","statusCode":400,"method":"GET","url":"/v1/evidence/8de5d810-393f-498b-93fd-3f2c7afec562/derived-review","durationMs":5,"userId":"1367db46-71e9-4a61-956f-f4b8ac636882","msg":"request.completed.business_error"}
[90m[api][0m {"level":40,"time":1790803322566,"service":"api","reqId":"94531eed-8181-4a28-816e-13873adaef29","requestId":"94531eed-8181-4a28-816e-13873adaef29","userId":"1367db46-71e9-4a61-956f-f4b8ac636882","requestId":"94531eed-8181-4a28-816e-13873adaef29","method":"GET","url":"/v1/evidence/8de5d810-393f-498b-93fd-3f2c7afec562/derived-review","userId":"1367db46-71e9-4a61-956f-f4b8ac636882","errorCode":"INVALID_INPUT","statusCode":400,"zodIssueCount":1,"zodFields":[{"path":"teamId","code":"invalid_type","message":"Invalid input: expected string, received undefined"}],"msg":"request.failed.validation"}
[90m[api][0m {"level":40,"time":1790803322567,"service":"api","reqId":"94531eed-8181-4a28-816e-13873adaef29","requestId":"94531eed-8181-4a28-816e-13873adaef29","userId":"1367db46-71e9-4a61-956f-f4b8ac636882","requestId":"94531eed-8181-4a28-816e-13873adaef29","statusCode":400,"method":"GET","url":"/v1/evidence/8de5d810-393f-498b-93fd-3f2c7afec562/derived-review","durationMs":4,"userId":"1367db46-71e9-4a61-956f-f4b8ac636882","msg":"request.completed.business_error"}
[90m[api][0m {"level":40,"time":1790803327577,"service":"api","reqId":"048ab6b0-62f0-46ed-899a-2e756ff605f9","requestId":"048ab6b0-62f0-46ed-899a-2e756ff605f9","userId":"1367db46-71e9-4a61-956f-f4b8ac636882","requestId":"048ab6b0-62f0-46ed-899a-2e756ff605f9","method":"GET","url":"/v1/evidence/8de5d810-393f-498b-93fd-3f2c7afec562/derived-review","userId":"1367db46-71e9-4a61-956f-f4b8ac636882","errorCode":"INVALID_INPUT","statusCode":400,"zodIssueCount":1,"zodFields":[{"path":"teamId","code":"invalid_type","message":"Invalid input: expected string, received undefined"}],"msg":"request.failed.validation"}
[90m[api][0m {"level":40,"time":1790803327577,"service":"api","reqId":"048ab6b0-62f0-46ed-899a-2e756ff605f9","requestId":"048ab6b0-62f0-46ed-899a-2e756ff605f9","userId":"1367db46-71e9-4a61-956f-f4b8ac636882","requestId":"048ab6b0-62f0-46ed-899a-2e756ff605f9","statusCode":400,"method":"GET","url":"/v1/evidence/8de5d810-393f-498b-93fd-3f2c7afec562/derived-review","durationMs":4,"userId":"1367db46-71e9-4a61-956f-f4b8ac636882","msg":"request.completed.business_error"}
[90m[api][0m {"level":40,"time":1790803332596,"service":"api","reqId":"82c73e0d-b87c-433a-b231-06cece4312f9","requestId":"82c73e0d-b87c-433a-b231-06cece4312f9","userId":"1367db46-71e9-4a61-956f-f4b8ac636882","requestId":"82c73e0d-b87c-433a-b231-06cece4312f9","method":"GET","url":"/v1/evidence/8de5d810-393f-498b-93fd-3f2c7afec562/derived-review","userId":"1367db46-71e9-4a61-956f-f4b8ac636882","errorCode":"INVALID_INPUT","statusCode":400,"zodIssueCount":1,"zodFields":[{"path":"teamId","code":"invalid_type","message":"Invalid input: expected string, received undefined"}],"msg":"request.failed.validation"}
[90m[api][0m {"level":40,"time":1790803332597,"service":"api","reqId":"82c73e0d-b87c-433a-b231-06cece4312f9","requestId":"82c73e0d-b87c-433a-b231-06cece4312f9","userId":"1367db46-71e9-4a61-956f-f4b8ac636882","requestId":"82c73e0d-b87c-433a-b231-06cece4312f9","statusCode":400,"method":"GET","url":"/v1/evidence/8de5d810-393f-498b-93fd-3f2c7afec562/derived-review","durationMs":4,"userId":"1367db46-71e9-4a61-956f-f4b8ac636882","msg":"request.completed.business_error"}
[90m[api][0m {"level":40,"time":1790803337601,"service":"api","reqId":"cd172624-6bd6-47a7-b2ae-422082e66c2e","requestId":"cd172624-6bd6-47a7-b2ae-422082e66c2e","userId":"1367db46-71e9-4a61-956f-f4b8ac636882","requestId":"cd172624-6bd6-47a7-b2ae-422082e66c2e","method":"GET","url":"/v1/evidence/8de5d810-393f-498b-93fd-3f2c7afec562/derived-review","userId":"1367db46-71e9-4a61-956f-f4b8ac636882","errorCode":"INVALID_INPUT","statusCode":400,"zodIssueCount":1,"zodFields":[{"path":"teamId","code":"invalid_type","message":"Invalid input: expected string, received undefined"}],"msg":"request.failed.validation"}
[90m[api][0m {"level":40,"time":1790803337601,"service":"api","reqId":"cd172624-6bd6-47a7-b2ae-422082e66c2e","requestId":"cd172624-6bd6-47a7-b2ae-422082e66c2e","userId":"1367db46-71e9-4a61-956f-f4b8ac636882","requestId":"cd172624-6bd6-47a7-b2ae-422082e66c2e","statusCode":400,"method":"GET","url":"/v1/evidence/8de5d810-393f-498b-93fd-3f2c7afec562/derived-review","durationMs":3,"userId":"1367db46-71e9-4a61-956f-f4b8ac636882","msg":"request.completed.business_error"}
[90m[api][0m {"level":40,"time":1790803342616,"service":"api","reqId":"50cb9619-7a90-4ffb-8063-313a23e28796","requestId":"50cb9619-7a90-4ffb-8063-313a23e28796","userId":"1367db46-71e9-4a61-956f-f4b8ac636882","requestId":"50cb9619-7a90-4ffb-8063-313a23e28796","method":"GET","url":"/v1/evidence/8de5d810-393f-498b-93fd-3f2c7afec562/derived-review","userId":"1367db46-71e9-4a61-956f-f4b8ac636882","errorCode":"INVALID_INPUT","statusCode":400,"zodIssueCount":1,"zodFields":[{"path":"teamId","code":"invalid_type","message":"Invalid input: expected string, received undefined"}],"msg":"request.failed.validation"}
[90m[api][0m {"level":40,"time":1790803342616,"service":"api","reqId":"50cb9619-7a90-4ffb-8063-313a23e28796","requestId":"50cb9619-7a90-4ffb-8063-313a23e28796","userId":"1367db46-71e9-4a61-956f-f4b8ac636882","requestId":"50cb9619-7a90-4ffb-8063-313a23e28796","statusCode":400,"method":"GET","url":"/v1/evidence/8de5d810-393f-498b-93fd-3f2c7afec562/derived-review","durationMs":5,"userId":"1367db46-71e9-4a61-956f-f4b8ac636882","msg":"request.completed.business_error"}
[90m[api][0m {"level":40,"time":1790803347623,"service":"api","reqId":"f00304b0-b5e5-4b72-af89-88b7e9df06ca","requestId":"f00304b0-b5e5-4b72-af89-88b7e9df06ca","userId":"1367db46-71e9-4a61-956f-f4b8ac636882","requestId":"f00304b0-b5e5-4b72-af89-88b7e9df06ca","method":"GET","url":"/v1/evidence/8de5d810-393f-498b-93fd-3f2c7afec562/derived-review","userId":"1367db46-71e9-4a61-956f-f4b8ac636882","errorCode":"INVALID_INPUT","statusCode":400,"zodIssueCount":1,"zodFields":[{"path":"teamId","code":"invalid_type","message":"Invalid input: expected string, received undefined"}],"msg":"request.failed.validation"}
[90m[api][0m {"level":40,"time":1790803347624,"service":"api","reqId":"f00304b0-b5e5-4b72-af89-88b7e9df06ca","requestId":"f00304b0-b5e5-4b72-af89-88b7e9df06ca","userId":"1367db46-71e9-4a61-956f-f4b8ac636882","requestId":"f00304b0-b5e5-4b72-af89-88b7e9df06ca","statusCode":400,"method":"GET","url":"/v1/evidence/8de5d810-393f-498b-93fd-3f2c7afec562/derived-review","durationMs":4,"userId":"1367db46-71e9-4a61-956f-f4b8ac636882","msg":"request.completed.business_error"}
[90m[api][0m {"level":40,"time":1790803352636,"service":"api","reqId":"fc7a671e-e599-454b-ac76-a48b5e973849","requestId":"fc7a671e-e599-454b-ac76-a48b5e973849","userId":"1367db46-71e9-4a61-956f-f4b8ac636882","requestId":"fc7a671e-e599-454b-ac76-a48b5e973849","method":"GET","url":"/v1/evidence/8de5d810-393f-498b-93fd-3f2c7afec562/derived-review","userId":"1367db46-71e9-4a61-956f-f4b8ac636882","errorCode":"INVALID_INPUT","statusCode":400,"zodIssueCount":1,"zodFields":[{"path":"teamId","code":"invalid_type","message":"Invalid input: expected string, received undefined"}],"msg":"request.failed.validation"}
[90m[api][0m {"level":40,"time":1790803352636,"service":"api","reqId":"fc7a671e-e599-454b-ac76-a48b5e973849","requestId":"fc7a671e-e599-454b-ac76-a48b5e973849","userId":"1367db46-71e9-4a61-956f-f4b8ac636882","requestId":"fc7a671e-e599-454b-ac76-a48b5e973849","statusCode":400,"method":"GET","url":"/v1/evidence/8de5d810-393f-498b-93fd-3f2c7afec562/derived-review","durationMs":4,"userId":"1367db46-71e9-4a61-956f-f4b8ac636882","msg":"request.completed.business_error"}
[90m[api][0m {"level":40,"time":1790803357641,"service":"api","reqId":"bf62d143-0168-48e2-bbe9-00cf390a4bd7","requestId":"bf62d143-0168-48e2-bbe9-00cf390a4bd7","userId":"1367db46-71e9-4a61-956f-f4b8ac636882","requestId":"bf62d143-0168-48e2-bbe9-00cf390a4bd7","method":"GET","url":"/v1/evidence/8de5d810-393f-498b-93fd-3f2c7afec562/derived-review","userId":"1367db46-71e9-4a61-956f-f4b8ac636882","errorCode":"INVALID_INPUT","statusCode":400,"zodIssueCount":1,"zodFields":[{"path":"teamId","code":"invalid_type","message":"Invalid input: expected string, received undefined"}],"msg":"request.failed.validation"}
[90m[api][0m {"level":40,"time":1790803357641,"service":"api","reqId":"bf62d143-0168-48e2-bbe9-00cf390a4bd7","requestId":"bf62d143-0168-48e2-bbe9-00cf390a4bd7","userId":"1367db46-71e9-4a61-956f-f4b8ac636882","requestId":"bf62d143-0168-48e2-bbe9-00cf390a4bd7","statusCode":400,"method":"GET","url":"/v1/evidence/8de5d810-393f-498b-93fd-3f2c7afec562/derived-review","durationMs":4,"userId":"1367db46-71e9-4a61-956f-f4b8ac636882","msg":"request.completed.business_error"}
[90m[api][0m {"level":40,"time":1790803362655,"service":"api","reqId":"95a2ba52-d441-4bae-97b7-2748a7ba28d4","requestId":"95a2ba52-d441-4bae-97b7-2748a7ba28d4","userId":"1367db46-71e9-4a61-956f-f4b8ac636882","requestId":"95a2ba52-d441-4bae-97b7-2748a7ba28d4","method":"GET","url":"/v1/evidence/8de5d810-393f-498b-93fd-3f2c7afec562/derived-review","userId":"1367db46-71e9-4a61-956f-f4b8ac636882","errorCode":"INVALID_INPUT","statusCode":400,"zodIssueCount":1,"zodFields":[{"path":"teamId","code":"invalid_type","message":"Invalid input: expected string, received undefined"}],"msg":"request.failed.validation"}
[90m[api][0m {"level":40,"time":1790803362655,"service":"api","reqId":"95a2ba52-d441-4bae-97b7-2748a7ba28d4","requestId":"95a2ba52-d441-4bae-97b7-2748a7ba28d4","userId":"1367db46-71e9-4a61-956f-f4b8ac636882","requestId":"95a2ba52-d441-4bae-97b7-2748a7ba28d4","statusCode":400,"method":"GET","url":"/v1/evidence/8de5d810-393f-498b-93fd-3f2c7afec562/derived-review","durationMs":4,"userId":"1367db46-71e9-4a61-956f-f4b8ac636882","msg":"request.completed.business_error"}
[90m[api][0m {"level":40,"time":1790803367669,"service":"api","reqId":"5ee6025c-f6d7-4f97-b7e2-64377f8a6636","requestId":"5ee6025c-f6d7-4f97-b7e2-64377f8a6636","userId":"1367db46-71e9-4a61-956f-f4b8ac636882","requestId":"5ee6025c-f6d7-4f97-b7e2-64377f8a6636","method":"GET","url":"/v1/evidence/8de5d810-393f-498b-93fd-3f2c7afec562/derived-review","userId":"1367db46-71e9-4a61-956f-f4b8ac636882","errorCode":"INVALID_INPUT","statusCode":400,"zodIssueCount":1,"zodFields":[{"path":"teamId","code":"invalid_type","message":"Invalid input: expected string, received undefined"}],"msg":"request.failed.validation"}
[90m[api][0m {"level":40,"time":1790803367669,"service":"api","reqId":"5ee6025c-f6d7-4f97-b7e2-64377f8a6636","requestId":"5ee6025c-f6d7-4f97-b7e2-64377f8a6636","userId":"1367db46-71e9-4a61-956f-f4b8ac636882","requestId":"5ee6025c-f6d7-4f97-b7e2-64377f8a6636","statusCode":400,"method":"GET","url":"/v1/evidence/8de5d810-393f-498b-93fd-3f2c7afec562/derived-review","durationMs":5,"userId":"1367db46-71e9-4a61-956f-f4b8ac636882","msg":"request.completed.business_error"}
[90m[api][0m {"level":40,"time":1790803372675,"service":"api","reqId":"8c5e1954-190e-43d5-848e-9c9ea984fe62","requestId":"8c5e1954-190e-43d5-848e-9c9ea984fe62","userId":"1367db46-71e9-4a61-956f-f4b8ac636882","requestId":"8c5e1954-190e-43d5-848e-9c9ea984fe62","method":"GET","url":"/v1/evidence/8de5d810-393f-498b-93fd-3f2c7afec562/derived-review","userId":"1367db46-71e9-4a61-956f-f4b8ac636882","errorCode":"INVALID_INPUT","statusCode":400,"zodIssueCount":1,"zodFields":[{"path":"teamId","code":"invalid_type","message":"Invalid input: expected string, received undefined"}],"msg":"request.failed.validation"}
[90m[api][0m {"level":40,"time":1790803372675,"service":"api","reqId":"8c5e1954-190e-43d5-848e-9c9ea984fe62","requestId":"8c5e1954-190e-43d5-848e-9c9ea984fe62","userId":"1367db46-71e9-4a61-956f-f4b8ac636882","requestId":"8c5e1954-190e-43d5-848e-9c9ea984fe62","statusCode":400,"method":"GET","url":"/v1/evidence/8de5d810-393f-498b-93fd-3f2c7afec562/derived-review","durationMs":4,"userId":"1367db46-71e9-4a61-956f-f4b8ac636882","msg":"request.completed.business_error"}
[90m[api][0m [api:info] billing.dependent_cancellation.sweep_completed {
  subjects: 0,
  attempted: 0,
  confirmed: 0,
  failed: 0,
  escalated: 0,
  conditionsOpened: 0
}
[90m[api][0m {"level":40,"time":1790803377690,"service":"api","reqId":"6dc4b0f2-d07d-45de-99ed-25f126aaa413","requestId":"6dc4b0f2-d07d-45de-99ed-25f126aaa413","userId":"1367db46-71e9-4a61-956f-f4b8ac636882","requestId":"6dc4b0f2-d07d-45de-99ed-25f126aaa413","method":"GET","url":"/v1/evidence/8de5d810-393f-498b-93fd-3f2c7afec562/derived-review","userId":"1367db46-71e9-4a61-956f-f4b8ac636882","errorCode":"INVALID_INPUT","statusCode":400,"zodIssueCount":1,"zodFields":[{"path":"teamId","code":"invalid_type","message":"Invalid input: expected string, received undefined"}],"msg":"request.failed.validation"}
[90m[api][0m {"level":40,"time":1790803377690,"service":"api","reqId":"6dc4b0f2-d07d-45de-99ed-25f126aaa413","requestId":"6dc4b0f2-d07d-45de-99ed-25f126aaa413","userId":"1367db46-71e9-4a61-956f-f4b8ac636882","requestId":"6dc4b0f2-d07d-45de-99ed-25f126aaa413","statusCode":400,"method":"GET","url":"/v1/evidence/8de5d810-393f-498b-93fd-3f2c7afec562/derived-review","durationMs":4,"userId":"1367db46-71e9-4a61-956f-f4b8ac636882","msg":"request.completed.business_error"}
[90m[api][0m {"level":40,"time":1790803382708,"service":"api","reqId":"c566ce00-ba32-4886-b67c-9cd58ba3218c","requestId":"c566ce00-ba32-4886-b67c-9cd58ba3218c","userId":"1367db46-71e9-4a61-956f-f4b8ac636882","requestId":"c566ce00-ba32-4886-b67c-9cd58ba3218c","method":"GET","url":"/v1/evidence/8de5d810-393f-498b-93fd-3f2c7afec562/derived-review","userId":"1367db46-71e9-4a61-956f-f4b8ac636882","errorCode":"INVALID_INPUT","statusCode":400,"zodIssueCount":1,"zodFields":[{"path":"teamId","code":"invalid_type","message":"Invalid input: expected string, received undefined"}],"msg":"request.failed.validation"}
[90m[api][0m {"level":40,"time":1790803382708,"service":"api","reqId":"c566ce00-ba32-4886-b67c-9cd58ba3218c","requestId":"c566ce00-ba32-4886-b67c-9cd58ba3218c","userId":"1367db46-71e9-4a61-956f-f4b8ac636882","requestId":"c566ce00-ba32-4886-b67c-9cd58ba3218c","statusCode":400,"method":"GET","url":"/v1/evidence/8de5d810-393f-498b-93fd-3f2c7afec562/derived-review","durationMs":4,"userId":"1367db46-71e9-4a61-956f-f4b8ac636882","msg":"request.completed.business_error"}
[90m[api][0m {"level":40,"time":1790803387723,"service":"api","reqId":"274027b4-b14a-4fa1-81d2-ddec6d90c0c3","requestId":"274027b4-b14a-4fa1-81d2-ddec6d90c0c3","userId":"1367db46-71e9-4a61-956f-f4b8ac636882","requestId":"274027b4-b14a-4fa1-81d2-ddec6d90c0c3","method":"GET","url":"/v1/evidence/8de5d810-393f-498b-93fd-3f2c7afec562/derived-review","userId":"1367db46-71e9-4a61-956f-f4b8ac636882","errorCode":"INVALID_INPUT","statusCode":400,"zodIssueCount":1,"zodFields":[{"path":"teamId","code":"invalid_type","message":"Invalid input: expected string, received undefined"}],"msg":"request.failed.validation"}
[90m[api][0m {"level":40,"time":1790803387723,"service":"api","reqId":"274027b4-b14a-4fa1-81d2-ddec6d90c0c3","requestId":"274027b4-b14a-4fa1-81d2-ddec6d90c0c3","userId":"1367db46-71e9-4a61-956f-f4b8ac636882","requestId":"274027b4-b14a-4fa1-81d2-ddec6d90c0c3","statusCode":400,"method":"GET","url":"/v1/evidence/8de5d810-393f-498b-93fd-3f2c7afec562/derived-review","durationMs":4,"userId":"1367db46-71e9-4a61-956f-f4b8ac636882","msg":"request.completed.business_error"}
[90m[api][0m {"level":40,"time":1790803392736,"service":"api","reqId":"98a61544-fa81-41b2-9116-dc42fa01731f","requestId":"98a61544-fa81-41b2-9116-dc42fa01731f","userId":"1367db46-71e9-4a61-956f-f4b8ac636882","requestId":"98a61544-fa81-41b2-9116-dc42fa01731f","method":"GET","url":"/v1/evidence/8de5d810-393f-498b-93fd-3f2c7afec562/derived-review","userId":"1367db46-71e9-4a61-956f-f4b8ac636882","errorCode":"INVALID_INPUT","statusCode":400,"zodIssueCount":1,"zodFields":[{"path":"teamId","code":"invalid_type","message":"Invalid input: expected string, received undefined"}],"msg":"request.failed.validation"}
[90m[api][0m {"level":40,"time":1790803392736,"service":"api","reqId":"98a61544-fa81-41b2-9116-dc42fa01731f","requestId":"98a61544-fa81-41b2-9116-dc42fa01731f","userId":"1367db46-71e9-4a61-956f-f4b8ac636882","requestId":"98a61544-fa81-41b2-9116-dc42fa01731f","statusCode":400,"method":"GET","url":"/v1/evidence/8de5d810-393f-498b-93fd-3f2c7afec562/derived-review","durationMs":4,"userId":"1367db46-71e9-4a61-956f-f4b8ac636882","msg":"request.completed.business_error"}
[90m[api][0m {"level":40,"time":1790803397743,"service":"api","reqId":"c4f955f1-a963-458a-860c-893651b62377","requestId":"c4f955f1-a963-458a-860c-893651b62377","userId":"1367db46-71e9-4a61-956f-f4b8ac636882","requestId":"c4f955f1-a963-458a-860c-893651b62377","method":"GET","url":"/v1/evidence/8de5d810-393f-498b-93fd-3f2c7afec562/derived-review","userId":"1367db46-71e9-4a61-956f-f4b8ac636882","errorCode":"INVALID_INPUT","statusCode":400,"zodIssueCount":1,"zodFields":[{"path":"teamId","code":"invalid_type","message":"Invalid input: expected string, received undefined"}],"msg":"request.failed.validation"}
[90m[api][0m {"level":40,"time":1790803397744,"service":"api","reqId":"c4f955f1-a963-458a-860c-893651b62377","requestId":"c4f955f1-a963-458a-860c-893651b62377","userId":"1367db46-71e9-4a61-956f-f4b8ac636882","requestId":"c4f955f1-a963-458a-860c-893651b62377","statusCode":400,"method":"GET","url":"/v1/evidence/8de5d810-393f-498b-93fd-3f2c7afec562/derived-review","durationMs":4,"userId":"1367db46-71e9-4a61-956f-f4b8ac636882","msg":"request.completed.business_error"}
[90m[api][0m {"level":40,"time":1790803398219,"service":"api","reqId":"7a52e51e-537b-45a5-b875-bf5f1fcb20f5","requestId":"7a52e51e-537b-45a5-b875-bf5f1fcb20f5","userId":"1367db46-71e9-4a61-956f-f4b8ac636882","requestId":"7a52e51e-537b-45a5-b875-bf5f1fcb20f5","method":"POST","url":"/v1/evidence/8de5d810-393f-498b-93fd-3f2c7afec562/derived-review/generate","userId":"1367db46-71e9-4a61-956f-f4b8ac636882","errorCode":"INVALID_INPUT","statusCode":400,"zodIssueCount":1,"zodFields":[{"path":"teamId","code":"invalid_type","message":"Invalid input: expected string, received undefined"}],"msg":"request.failed.validation"}
[90m[api][0m {"level":40,"time":1790803398219,"service":"api","reqId":"7a52e51e-537b-45a5-b875-bf5f1fcb20f5","requestId":"7a52e51e-537b-45a5-b875-bf5f1fcb20f5","userId":"1367db46-71e9-4a61-956f-f4b8ac636882","requestId":"7a52e51e-537b-45a5-b875-bf5f1fcb20f5","statusCode":400,"method":"POST","url":"/v1/evidence/8de5d810-393f-498b-93fd-3f2c7afec562/derived-review/generate","durationMs":4,"userId":"1367db46-71e9-4a61-956f-f4b8ac636882","msg":"request.completed.business_error"}
[90m[api][0m {"level":30,"time":1790803408564,"service":"api","reqId":"ede6c531-c0c5-4999-afe5-994bb41348c4","requestId":"ede6c531-c0c5-4999-afe5-994bb41348c4","userId":"def4bf44-d1f8-4bb7-812c-635e5cfacfd7","requestId":"ede6c531-c0c5-4999-afe5-994bb41348c4","statusCode":201,"method":"POST","url":"/v1/evidence","durationMs":105,"userId":"def4bf44-d1f8-4bb7-812c-635e5cfacfd7","msg":"request.completed"}
[90m[api][0m {"level":30,"time":1790803408594,"service":"api","reqId":"3448b3e1-85c2-4926-89ad-32fc000cd38d","requestId":"3448b3e1-85c2-4926-89ad-32fc000cd38d","userId":"def4bf44-d1f8-4bb7-812c-635e5cfacfd7","evidenceId":"8a3d166b-c2cf-4d54-af53-1668678f23e7","requestId":"3448b3e1-85c2-4926-89ad-32fc000cd38d","statusCode":201,"method":"POST","url":"/v1/evidence/8a3d166b-c2cf-4d54-af53-1668678f23e7/parts","durationMs":29,"userId":"def4bf44-d1f8-4bb7-812c-635e5cfacfd7","evidenceId":"8a3d166b-c2cf-4d54-af53-1668678f23e7","msg":"request.completed"}
[90m[api][0m [api:warn] evidence_complete.graph_reconcile_not_queued {
  evidenceId: '8a3d166b-c2cf-4d54-af53-1668678f23e7',
  teamId: '31fc47bf-87b2-4fce-96da-5c4987c8b5bd',
  reason: 'job_already_live',
  jobId: 'graph-reconcile-31fc47bf-87b2-4fce-96da-5c4987c8b5bd'
}
[90m[api][0m {"level":30,"time":1790803408807,"service":"api","reqId":"2f4f6524-3f72-4598-9456-6eefbb55974d","requestId":"2f4f6524-3f72-4598-9456-6eefbb55974d","userId":"def4bf44-d1f8-4bb7-812c-635e5cfacfd7","evidenceId":"8a3d166b-c2cf-4d54-af53-1668678f23e7","requestId":"2f4f6524-3f72-4598-9456-6eefbb55974d","statusCode":200,"method":"POST","url":"/v1/evidence/8a3d166b-c2cf-4d54-af53-1668678f23e7/complete","durationMs":203,"userId":"def4bf44-d1f8-4bb7-812c-635e5cfacfd7","evidenceId":"8a3d166b-c2cf-4d54-af53-1668678f23e7","msg":"request.completed"}
[90m[api][0m {"level":30,"time":1790803408866,"service":"api","reqId":"7962250d-d553-4712-9e9a-4d59f81cdad4","requestId":"7962250d-d553-4712-9e9a-4d59f81cdad4","userId":"def4bf44-d1f8-4bb7-812c-635e5cfacfd7","requestId":"7962250d-d553-4712-9e9a-4d59f81cdad4","statusCode":201,"method":"POST","url":"/v1/evidence","durationMs":58,"userId":"def4bf44-d1f8-4bb7-812c-635e5cfacfd7","msg":"request.completed"}
[90m[api][0m {"level":30,"time":1790803408891,"service":"api","reqId":"949b8896-fd09-4e74-b054-4f59a8eae54d","requestId":"949b8896-fd09-4e74-b054-4f59a8eae54d","userId":"def4bf44-d1f8-4bb7-812c-635e5cfacfd7","evidenceId":"8d2effb5-653a-457e-bcb3-4599e92e1301","requestId":"949b8896-fd09-4e74-b054-4f59a8eae54d","statusCode":201,"method":"POST","url":"/v1/evidence/8d2effb5-653a-457e-bcb3-4599e92e1301/parts","durationMs":25,"userId":"def4bf44-d1f8-4bb7-812c-635e5cfacfd7","evidenceId":"8d2effb5-653a-457e-bcb3-4599e92e1301","msg":"request.completed"}
[90m[api][0m [api:warn] evidence_complete.graph_reconcile_not_queued {
  evidenceId: '8d2effb5-653a-457e-bcb3-4599e92e1301',
  teamId: '31fc47bf-87b2-4fce-96da-5c4987c8b5bd',
  reason: 'job_already_live',
  jobId: 'graph-reconcile-31fc47bf-87b2-4fce-96da-5c4987c8b5bd'
}
[90m[api][0m {"level":30,"time":1790803409080,"service":"api","reqId":"78de559c-691a-4338-acf9-3af9a87b1fb0","requestId":"78de559c-691a-4338-acf9-3af9a87b1fb0","userId":"def4bf44-d1f8-4bb7-812c-635e5cfacfd7","evidenceId":"8d2effb5-653a-457e-bcb3-4599e92e1301","requestId":"78de559c-691a-4338-acf9-3af9a87b1fb0","statusCode":200,"method":"POST","url":"/v1/evidence/8d2effb5-653a-457e-bcb3-4599e92e1301/complete","durationMs":182,"userId":"def4bf44-d1f8-4bb7-812c-635e5cfacfd7","evidenceId":"8d2effb5-653a-457e-bcb3-4599e92e1301","msg":"request.completed"}
[90m[api][0m {"level":30,"time":1790803409132,"service":"api","reqId":"448507d2-0e8a-4f1e-ae70-98b8df4c7455","requestId":"448507d2-0e8a-4f1e-ae70-98b8df4c7455","userId":"def4bf44-d1f8-4bb7-812c-635e5cfacfd7","requestId":"448507d2-0e8a-4f1e-ae70-98b8df4c7455","statusCode":201,"method":"POST","url":"/v1/evidence","durationMs":51,"userId":"def4bf44-d1f8-4bb7-812c-635e5cfacfd7","msg":"request.completed"}
[90m[api][0m {"level":30,"time":1790803409157,"service":"api","reqId":"47ce2305-7a3e-45d6-97cc-462f6b69413b","requestId":"47ce2305-7a3e-45d6-97cc-462f6b69413b","userId":"def4bf44-d1f8-4bb7-812c-635e5cfacfd7","evidenceId":"d29ec8a8-59f7-4274-852a-6bbb5a44531c","requestId":"47ce2305-7a3e-45d6-97cc-462f6b69413b","statusCode":201,"method":"POST","url":"/v1/evidence/d29ec8a8-59f7-4274-852a-6bbb5a44531c/parts","durationMs":24,"userId":"def4bf44-d1f8-4bb7-812c-635e5cfacfd7","evidenceId":"d29ec8a8-59f7-4274-852a-6bbb5a44531c","msg":"request.completed"}
[90m[api][0m [api:warn] evidence_complete.graph_reconcile_not_queued {
  evidenceId: 'd29ec8a8-59f7-4274-852a-6bbb5a44531c',
  teamId: '31fc47bf-87b2-4fce-96da-5c4987c8b5bd',
  reason: 'job_already_live',
  jobId: 'graph-reconcile-31fc47bf-87b2-4fce-96da-5c4987c8b5bd'
}
[90m[api][0m {"level":30,"time":1790803409361,"service":"api","reqId":"ba0a892b-3f5f-42c7-b828-57797d06b7cb","requestId":"ba0a892b-3f5f-42c7-b828-57797d06b7cb","userId":"def4bf44-d1f8-4bb7-812c-635e5cfacfd7","evidenceId":"d29ec8a8-59f7-4274-852a-6bbb5a44531c","requestId":"ba0a892b-3f5f-42c7-b828-57797d06b7cb","statusCode":200,"method":"POST","url":"/v1/evidence/d29ec8a8-59f7-4274-852a-6bbb5a44531c/complete","durationMs":195,"userId":"def4bf44-d1f8-4bb7-812c-635e5cfacfd7","evidenceId":"d29ec8a8-59f7-4274-852a-6bbb5a44531c","msg":"request.completed"}
[90m[api][0m {"level":30,"time":1790803409411,"service":"api","reqId":"75c4976a-b62f-4c08-9ba7-35c2bffdb92f","requestId":"75c4976a-b62f-4c08-9ba7-35c2bffdb92f","userId":"def4bf44-d1f8-4bb7-812c-635e5cfacfd7","evidenceId":"8a3d166b-c2cf-4d54-af53-1668678f23e7","requestId":"75c4976a-b62f-4c08-9ba7-35c2bffdb92f","statusCode":200,"method":"DELETE","url":"/v1/evidence/8a3d166b-c2cf-4d54-af53-1668678f23e7","durationMs":50,"userId":"def4bf44-d1f8-4bb7-812c-635e5cfacfd7","evidenceId":"8a3d166b-c2cf-4d54-af53-1668678f23e7","msg":"request.completed"}
[90m[api][0m {"level":40,"time":1790803409426,"service":"api","reqId":"a7e6f2ab-6175-42be-9f47-5e216f415e48","requestId":"a7e6f2ab-6175-42be-9f47-5e216f415e48","userId":"def4bf44-d1f8-4bb7-812c-635e5cfacfd7","requestId":"a7e6f2ab-6175-42be-9f47-5e216f415e48","statusCode":402,"method":"POST","url":"/v1/governance/lifecycle/evidence/8a3d166b-c2cf-4d54-af53-1668678f23e7/transition","durationMs":14,"userId":"def4bf44-d1f8-4bb7-812c-635e5cfacfd7","msg":"request.completed.business_error"}
[90m[api][0m {"level":40,"time":1790803409431,"service":"api","reqId":"a2c50930-1a9a-4973-be7c-5e58488b81fc","requestId":"a2c50930-1a9a-4973-be7c-5e58488b81fc","userId":"def4bf44-d1f8-4bb7-812c-635e5cfacfd7","requestId":"a2c50930-1a9a-4973-be7c-5e58488b81fc","statusCode":409,"method":"POST","url":"/v1/governance/lifecycle/evidence/8a3d166b-c2cf-4d54-af53-1668678f23e7/transition","durationMs":4,"userId":"def4bf44-d1f8-4bb7-812c-635e5cfacfd7","msg":"request.completed.business_error"}
[90m[api][0m {"level":40,"time":1790803409710,"service":"api","reqId":"b0790e33-07fb-43b5-af67-38f33367d264","requestId":"b0790e33-07fb-43b5-af67-38f33367d264","userId":"def4bf44-d1f8-4bb7-812c-635e5cfacfd7","requestId":"b0790e33-07fb-43b5-af67-38f33367d264","statusCode":409,"method":"POST","url":"/v1/evidence","durationMs":23,"userId":"def4bf44-d1f8-4bb7-812c-635e5cfacfd7","msg":"request.completed.business_error"}
[90m[api][0m [api:info] billing.dependent_cancellation.sweep_completed {
  subjects: 0,
  attempted: 0,
  confirmed: 0,
  failed: 0,
  escalated: 0,
  conditionsOpened: 0
}
[90m[web][0m [?25h
[36m[uc1-acceptance][0m web exited (0)
[36m[uc1-acceptance][0m fixtures exited (1)
[90m[worker][0m 23:24:59 [tsx] change in ./..\..\packages\shared\dist\index.js Rerunning...
[90m[worker][0m c[90m[api][0m 23:24:59 [tsx] change in ./..\..\packages\shared\dist\legal.js Rerunning...
[90m[api][0m c[90m[worker][0m 23:25:00 [tsx] change in ./..\..\packages\shared-evidence-presentation\dist\index.js Rerunning...
[90m[api][0m 23:25:00 [tsx] change in ./..\..\packages\shared-evidence-presentation\dist\index.js Rerunning...
c[90m[worker][0m c[90m[api][0m 23:25:01 [tsx] change in ./..\..\packages\shared-billing\dist\index.js Rerunning...
c[90m[worker][0m 23:25:01 [tsx] change in ./..\..\packages\shared-billing\dist\index.js Rerunning...
c[90m[worker][0m 23:25:08 [tsx] change in ./..\..\packages\shared\dist\index.js Rerunning...
[90m[worker][0m c[90m[api][0m 23:25:08 [tsx] change in ./..\..\packages\shared\dist\legal.js Rerunning...
[90m[api][0m c[90m[api][0m 23:25:11 [tsx] change in ./..\..\packages\shared-runtime\dist\technical-metadata\index.js Rerunning...
[90m[worker][0m 23:25:11 [tsx] change in ./..\..\packages\shared-runtime\dist\technical-metadata\index.js Rerunning...
c[90m[api][0m c[90m[worker][0m 23:25:14 [tsx] change in ./..\..\packages\shared\dist\index.js Rerunning...
[90m[worker][0m c[90m[api][0m 23:25:14 [tsx] change in ./..\..\packages\shared\dist\legal.js Rerunning...
[90m[api][0m c                                                                                                                                                                              [90m[worker][0m 23:30:49 [tsx] change in ./..\..\packages\shared\dist\index.js Rerunning...
[90m[api][0m 23:30:49 [tsx] change in ./..\..\packages\shared\dist\legal.js Rerunning...
c[90m[worker][0m c[90m[worker][0m 23:30:49 [tsx] change in ./..\..\packages\shared-evidence-presentation\dist\index.js Rerunning...
[90m[api][0m 23:30:49 [tsx] change in ./..\..\packages\shared-evidence-presentation\dist\index.js Rerunning...
c[90m[worker][0m c[90m[api][0m 23:30:50 [tsx] change in ./..\..\packages\shared-billing\dist\index.js Rerunning...
[90m[worker][0m 23:30:50 [tsx] change in ./..\..\packages\shared-billing\dist\index.js Rerunning...
c[90m[api][0m c[90m[api][0m 23:30:58 [tsx] change in ./..\..\packages\shared\dist\legal\corpus.generated.js Rerunning...
c[90m[worker][0m 23:30:58 [tsx] change in ./..\..\packages\shared\dist\index.js Rerunning...
c[90m[api][0m 23:31:01 [tsx] change in ./..\..\packages\shared-runtime\dist\technical-metadata\index.js Rerunning...
c[90m[worker][0m 23:31:01 [tsx] change in ./..\..\packages\shared-runtime\dist\technical-metadata\index.js Rerunning...
c[90m[worker][0m 23:31:47 [tsx] change in ./..\..\packages\shared\dist\index.js Rerunning...
c[90m[api][0m 23:31:47 [tsx] change in ./..\..\packages\shared\dist\legal\corpus.generated.js Rerunning...
c[90m[api][0m 23:31:48 [tsx] change in ./..\..\packages\shared-evidence-presentation\dist\index.js Rerunning...
c[90m[worker][0m 23:31:48 [tsx] change in ./..\..\packages\shared-evidence-presentation\dist\index.js Rerunning...
c[90m[worker][0m 23:31:49 [tsx] change in ./..\..\packages\shared-billing\dist\index.js Rerunning...
c[90m[api][0m 23:31:49 [tsx] change in ./..\..\packages\shared-billing\dist\index.js Rerunning...
c[90m[worker][0m 23:31:56 [tsx] change in ./..\..\packages\shared\dist\index.js Rerunning...
c[90m[api][0m 23:31:56 [tsx] change in ./..\..\packages\shared\dist\legal.js Rerunning...
c[90m[api][0m 23:31:59 [tsx] change in ./..\..\packages\shared-runtime\dist\technical-metadata\index.js Rerunning...
c[90m[worker][0m 23:31:59 [tsx] change in ./..\..\packages\shared-runtime\dist\technical-metadata\index.js Rerunning...
c[90m[worker][0m 23:32:14 [tsx] change in ./..\..\packages\shared\dist\index.js Rerunning...
c[90m[api][0m 23:32:14 [tsx] change in ./..\..\packages\shared\dist\legal\corpus.generated.js Rerunning...
c[90m[worker][0m 23:32:15 [tsx] change in ./..\..\packages\shared-billing\dist\index.js Rerunning...
c[90m[api][0m 23:32:15 [tsx] change in ./..\..\packages\shared-billing\dist\index.js Rerunning...
c[90m[worker][0m 23:32:16 [tsx] change in ./..\..\packages\shared-evidence-presentation\dist\index.js Rerunning...
c[90m[api][0m 23:32:16 [tsx] change in ./..\..\packages\shared-evidence-presentation\dist\index.js Rerunning...
c